ZIP,fips,cnip_2020_12,laborforce_2020_12,employed_2020_12,unemployment_percent_2020_12,,,SUMIF,ZipCode,sumifcnip,sumiflabor,sumifemploy,sumif/countifunemp,avgifunemppct,,,MAPZIPS,ZipCode,mapcnip,maplabor,mapemploy,mapunemppct
10314,3.61E+10,12.4,10.1,4.6,54.46%,,,SUMIF,07002,0,0,0,#DIV/0!,#DIV/0!,,,MAPZIPS,10001,52301.4,37286.9,35028.8,5.88%
10314,3.61E+10,1919.3,761.6,672.8,11.66%,,,SUMIF,07010,0,0,0,#DIV/0!,#DIV/0!,,,MAPZIPS,10002,78871.8,35331.8,31534.4,10.28%
10314,3.61E+10,2817.1,1733.9,1539.5,11.21%,,,SUMIF,07013,0,0,0,#DIV/0!,#DIV/0!,,,MAPZIPS,10003,77493.5,51441.3,48534.1,5.74%
10314,3.61E+10,4655.8,2363.3,2102.8,11.02%,,,SUMIF,07024,0,0,0,#DIV/0!,#DIV/0!,,,MAPZIPS,10005,16750.6,14264.4,13662.8,4.05%
10314,3.61E+10,5799.1,3274.4,2960.9,9.57%,,,SUMIF,07030,0,0,0,#DIV/0!,#DIV/0!,,,MAPZIPS,10006,4176.4,3746.7,3605.2,3.78%
10314,3.61E+10,3299.4,1702.2,1544.7,9.25%,,,SUMIF,07042,0,0,0,#DIV/0!,#DIV/0!,,,MAPZIPS,10007,30531.5,20649.2,19694,5.34%
10314,3.61E+10,4224.1,2568.9,2332.8,9.19%,,,SUMIF,07047,0,0,0,#DIV/0!,#DIV/0!,,,MAPZIPS,10009,66018.8,40269.8,37558.3,8.14%
10314,3.61E+10,4482.7,2595.6,2360.9,9.04%,,,SUMIF,07083,0,0,0,#DIV/0!,#DIV/0!,,,MAPZIPS,10010,65706.9,46690.3,44184.4,5.41%
10314,3.61E+10,5677.9,3206.7,2924.8,8.79%,,,SUMIF,07086,0,0,0,#DIV/0!,#DIV/0!,,,MAPZIPS,10011,77197.3,55117,52056.5,5.68%
10314,3.61E+10,4963.4,2510.5,2290.5,8.76%,,,SUMIF,07087,0,0,0,#DIV/0!,#DIV/0!,,,MAPZIPS,10012,45336.7,29546.1,28139.2,4.69%
10314,3.61E+10,1938.1,768.3,701,8.76%,,,SUMIF,07090,0,0,0,#DIV/0!,#DIV/0!,,,MAPZIPS,10013,39704.1,24476.9,23170.1,5.62%
10314,3.61E+10,5942.7,3231.2,2952.4,8.63%,,,SUMIF,07093,0,0,0,#DIV/0!,#DIV/0!,,,MAPZIPS,10014,44759.1,32382.6,30539.1,5.78%
10314,3.61E+10,2298,1288.3,1177.4,8.61%,,,SUMIF,07094,0,0,0,#DIV/0!,#DIV/0!,,,MAPZIPS,10016,70137.6,48589,45997.7,5.22%
10314,3.61E+10,6778.7,2966.7,2712.5,8.57%,,,SUMIF,07110,0,0,0,#DIV/0!,#DIV/0!,,,MAPZIPS,10017,39500.7,26888.3,25905.4,3.43%
10314,3.61E+10,7066.8,4094.7,3744.3,8.56%,,,SUMIF,07302,0,0,0,#DIV/0!,#DIV/0!,,,MAPZIPS,10018,26727.5,21254.2,20033.9,6.26%
10314,3.61E+10,3796.7,2021,1851.2,8.40%,,,SUMIF,07304,0,0,0,#DIV/0!,#DIV/0!,,,MAPZIPS,10019,66835.2,46359.7,43606.6,5.22%
10314,3.61E+10,4189.7,2247.7,2059.2,8.39%,,,SUMIF,07305,0,0,0,#DIV/0!,#DIV/0!,,,MAPZIPS,10021,64371.5,41288.2,39842,3.48%
10314,3.61E+10,5100.9,2946.8,2701.9,8.31%,,,SUMIF,07306,0,0,0,#DIV/0!,#DIV/0!,,,MAPZIPS,10022,43040.3,27285.3,26376.6,3.17%
10314,3.61E+10,2819.5,1549.6,1423.5,8.14%,,,SUMIF,07307,0,0,0,#DIV/0!,#DIV/0!,,,MAPZIPS,10023,68248.9,44083.4,42085.8,4.57%
10314,3.61E+10,7616.8,4208.7,3875.6,7.91%,,,SUMIF,07450,0,0,0,#DIV/0!,#DIV/0!,,,MAPZIPS,10024,71842,46880.5,44827.1,3.98%
10314,3.61E+10,1525.6,795,732.2,7.90%,,,SUMIF,07601,0,0,0,#DIV/0!,#DIV/0!,,,MAPZIPS,10025,93584.9,51714.9,47819.6,7.36%
10314,3.61E+10,1498.5,854,786.7,7.88%,,,SUMIF,07728,0,0,0,#DIV/0!,#DIV/0!,,,MAPZIPS,10026,50802.5,30586.5,27652.3,8.43%
10314,3.61E+10,2648.8,1448,1341.9,7.33%,,,SUMIF,07740,0,0,0,#DIV/0!,#DIV/0!,,,MAPZIPS,10027,76021.6,40616.8,37035.2,8.43%
10314,3.61E+10,2736.3,1187.3,1103.4,7.07%,,,SUMIF,07747,0,0,0,#DIV/0!,#DIV/0!,,,MAPZIPS,10028,73058.8,47893.2,46123.3,3.62%
10314,3.61E+10,4957.9,2592.3,2422.1,6.57%,,,SUMIF,07753,0,0,0,#DIV/0!,#DIV/0!,,,MAPZIPS,10029,80982,42359.2,36405.6,13.55%
10314,3.61E+10,2756.3,1472.9,1378.1,6.44%,,,SUMIF,07901,0,0,0,#DIV/0!,#DIV/0!,,,MAPZIPS,10030,37943.8,23221.4,20032.5,12.81%
10314,3.61E+10,2816.8,1587.4,1508.8,4.95%,,,SUMIF,07920,0,0,0,#DIV/0!,#DIV/0!,,,MAPZIPS,10031,69242.6,42110.8,37326.5,10.67%
11379,3.61E+10,38.6,28.3,19.6,30.74%,,,SUMIF,07928,0,0,0,#DIV/0!,#DIV/0!,,,MAPZIPS,10032,88042.8,52081.8,44850.8,13.70%
11379,3.61E+10,2134.3,1224.6,1078.4,11.94%,,,SUMIF,07960,0,0,0,#DIV/0!,#DIV/0!,,,MAPZIPS,10033,70287.7,42234,36374.1,13.05%
11379,3.61E+10,1227,656.6,579.5,11.74%,,,SUMIF,08536,0,0,0,#DIV/0!,#DIV/0!,,,MAPZIPS,10034,40029.4,24351.7,21364.1,12.97%
11379,3.61E+10,2469.6,1347.4,1192.7,11.48%,,,SUMIF,08723,0,0,0,#DIV/0!,#DIV/0!,,,MAPZIPS,10035,54646.9,27624.2,24150.1,13.48%
11379,3.61E+10,1565.9,777.8,689.3,11.38%,,,SUMIF,08742,0,0,0,#DIV/0!,#DIV/0!,,,MAPZIPS,10036,32073.5,24517.3,22951.7,7.12%
11379,3.61E+10,5196.5,3151.2,2799.4,11.16%,,,SUMIF,08753,0,0,0,#DIV/0!,#DIV/0!,,,MAPZIPS,10037,48499.6,27157.3,23230.7,13.82%
11379,3.61E+10,1612.1,995.8,886.3,11.00%,,,SUMIF,08807,0,0,0,#DIV/0!,#DIV/0!,,,MAPZIPS,10039,38871.1,23855.8,20187.5,15.33%
11379,3.61E+10,3514.3,2026.9,1809.7,10.72%,,,SUMIF,08816,0,0,0,#DIV/0!,#DIV/0!,,,MAPZIPS,10065,29181.2,18342.5,17688.2,3.29%
11379,3.61E+10,1255,769.3,689.1,10.43%,,,SUMIF,08817,0,0,0,#DIV/0!,#DIV/0!,,,MAPZIPS,10069,25962.2,15873.4,15134.2,4.76%
11379,3.61E+10,1375.5,736.1,659.9,10.35%,,,SUMIF,08820,0,0,0,#DIV/0!,#DIV/0!,,,MAPZIPS,10075,64571.1,42402.7,40896.1,3.47%
11379,3.61E+10,3481.8,1771.7,1590.3,10.24%,,,SUMIF,08857,0,0,0,#DIV/0!,#DIV/0!,,,MAPZIPS,10128,64737.5,42150.3,40258,4.78%
11379,3.61E+10,1979.2,887.9,802.9,9.57%,,,SUMIF,08902,0,0,0,#DIV/0!,#DIV/0!,,,MAPZIPS,10280,11992.3,9660,9310.1,3.53%
11379,3.61E+10,2035.6,1037,938.3,9.52%,,,SUMIF,10001,52301.4,37286.9,35028.8,5.88%,5.88%,,,MAPZIPS,10282,8787.3,6360.3,6135,3.53%
11379,3.61E+10,1725,1105.9,1006.2,9.02%,,,SUMIF,10002,78871.8,35331.8,31534.4,10.28%,10.28%,,,MAPZIPS,10314,104339.3,55987.1,51206.5,10.20%
11379,3.61E+10,1558.6,831.7,764.6,8.07%,,,SUMIF,10003,77493.5,51441.3,48534.1,5.74%,5.74%,,,MAPZIPS,10458,79715.8,44143.3,35809.6,19.40%
11379,3.61E+10,2458.3,1457.4,1351.4,7.27%,,,SUMIF,10005,16750.6,14264.4,13662.8,4.05%,4.05%,,,MAPZIPS,10462,87780.2,52386.8,44388.1,15.58%
11379,3.61E+10,2260.2,1150.1,1069.9,6.97%,,,SUMIF,10006,4176.4,3746.7,3605.2,3.78%,3.78%,,,MAPZIPS,10463,71928.3,39628.7,35127.6,10.80%
11379,3.61E+10,1458.6,860,800.3,6.94%,,,SUMIF,10007,30531.5,20649.2,19694,5.34%,5.34%,,,MAPZIPS,10704,1540.8,863.6,799.4,7.43%
11379,3.61E+10,1324,655.5,614.1,6.32%,,,SUMIF,10009,66018.8,40269.8,37558.3,8.14%,8.14%,,,MAPZIPS,11101,56401.2,37732,34074.6,11.45%
11379,3.61E+10,3307.5,1843.2,1727.4,6.28%,,,SUMIF,10010,65706.9,46690.3,44184.4,5.41%,5.41%,,,MAPZIPS,11104,40562.5,26246.7,24099.1,8.23%
11364,3.61E+10,2622.1,1289.5,1121.6,13.02%,,,SUMIF,10011,77197.3,55117,52056.5,5.68%,5.68%,,,MAPZIPS,11105,39387.6,25815.4,23715,8.14%
11364,3.61E+10,2085.2,1108.9,999.1,9.90%,,,SUMIF,10012,45336.7,29546.1,28139.2,4.69%,4.69%,,,MAPZIPS,11201,67328.2,46246.6,42750.6,8.01%
11364,3.61E+10,5414.2,2594.1,2349.3,9.44%,,,SUMIF,10013,39704.1,24476.9,23170.1,5.62%,5.62%,,,MAPZIPS,11205,58761.4,35744.6,32003,10.64%
11364,3.61E+10,2303.5,1183.7,1072.9,9.36%,,,SUMIF,10014,44759.1,32382.6,30539.1,5.78%,5.78%,,,MAPZIPS,11206,99968.3,57372.7,49372.2,14.45%
11364,3.61E+10,3135,1632.1,1482.9,9.14%,,,SUMIF,10016,70137.6,48589,45997.7,5.22%,5.22%,,,MAPZIPS,11207,111815.7,56818.6,47465.8,16.30%
11364,3.61E+10,5898.8,3095.5,2814.9,9.06%,,,SUMIF,10017,39500.7,26888.3,25905.4,3.43%,3.43%,,,MAPZIPS,11209,63354.7,36333.3,33270.1,8.12%
11364,3.61E+10,44.1,11.9,10.9,8.40%,,,SUMIF,10018,26727.5,21254.2,20033.9,6.26%,6.26%,,,MAPZIPS,11210,88405.7,46208.9,41457.7,9.99%
11364,3.61E+10,3445.3,1806.3,1656.8,8.28%,,,SUMIF,10019,66835.2,46359.7,43606.6,5.22%,5.22%,,,MAPZIPS,11211,77084.8,52845.9,48469.2,8.19%
11364,3.61E+10,844.5,395.1,362.6,8.23%,,,SUMIF,10021,64371.5,41288.2,39842,3.48%,3.48%,,,MAPZIPS,11213,71356.2,37892.7,32877.6,13.39%
11364,3.61E+10,2078.1,1038.5,955.5,7.99%,,,SUMIF,10022,43040.3,27285.3,26376.6,3.17%,3.17%,,,MAPZIPS,11215,73727.1,55629.1,52777.6,5.40%
11364,3.61E+10,3160.6,1685.6,1551.8,7.94%,,,SUMIF,10023,68248.9,44083.4,42085.8,4.57%,4.57%,,,MAPZIPS,11216,89931,56414.4,50010.2,11.39%
11364,3.61E+10,2659.6,1331.8,1230.8,7.58%,,,SUMIF,10024,71842,46880.5,44827.1,3.98%,3.98%,,,MAPZIPS,11218,81263.4,45824.8,41923.4,8.56%
11364,3.61E+10,3807.1,2133.9,1975.3,7.43%,,,SUMIF,10025,93584.9,51714.9,47819.6,7.36%,7.36%,,,MAPZIPS,11221,115537.8,70655.9,60091.5,15.07%
11364,3.61E+10,4034.4,1989.4,1845.3,7.24%,,,SUMIF,10026,50802.5,30586.5,27652.3,8.43%,8.43%,,,MAPZIPS,11222,42110.4,30906.7,28892.1,6.77%
11364,3.61E+10,1426.9,740.4,691.1,6.66%,,,SUMIF,10027,76021.6,40616.8,37035.2,8.43%,8.43%,,,MAPZIPS,11226,109596.5,62948,55167.2,12.30%
11364,3.61E+10,2896.7,1495.9,1408,5.88%,,,SUMIF,10028,73058.8,47893.2,46123.3,3.62%,3.62%,,,MAPZIPS,11230,92241.5,46364,42185.5,8.83%
11435,3.61E+10,1783.8,968.8,718.7,25.82%,,,SUMIF,10029,80982,42359.2,36405.6,13.55%,13.55%,,,MAPZIPS,11231,38936.6,27335.2,25375.3,7.31%
11435,3.61E+10,8262.5,4249.1,3167.3,25.46%,,,SUMIF,10030,37943.8,23221.4,20032.5,12.81%,12.81%,,,MAPZIPS,11232,36778.8,21401.1,19170.1,10.83%
11435,3.61E+10,1323.1,746,580.1,22.24%,,,SUMIF,10031,69242.6,42110.8,37326.5,10.67%,10.67%,,,MAPZIPS,11233,75970.6,39569.3,34078.4,14.26%
11435,3.61E+10,1629.1,859.3,679.8,20.89%,,,SUMIF,10032,88042.8,52081.8,44850.8,13.70%,13.70%,,,MAPZIPS,11238,79358.3,54474.9,50014.1,8.43%
11435,3.61E+10,1830.9,1043.6,827.6,20.70%,,,SUMIF,10033,70287.7,42234,36374.1,13.05%,13.05%,,,MAPZIPS,11249,38051.7,25290.7,23457.8,7.53%
11435,3.61E+10,2390.4,1336.7,1072.8,19.74%,,,SUMIF,10034,40029.4,24351.7,21364.1,12.97%,12.97%,,,MAPZIPS,11354,82587.3,35878.4,32415.4,9.45%
11435,3.61E+10,2351.6,1394.2,1123.8,19.39%,,,SUMIF,10035,54646.9,27624.2,24150.1,13.48%,13.48%,,,MAPZIPS,11355,93968.5,39596.6,35821.8,9.59%
11435,3.61E+10,2508.9,1415.6,1157.2,18.25%,,,SUMIF,10036,32073.5,24517.3,22951.7,7.12%,7.12%,,,MAPZIPS,11358,59002.4,28237.6,25696.3,8.99%
11435,3.61E+10,978.7,561.4,462.9,17.55%,,,SUMIF,10037,48499.6,27157.3,23230.7,13.82%,13.82%,,,MAPZIPS,11360,19361.4,9150.9,8436.9,7.97%
11435,3.61E+10,4924.9,2788.1,2304.5,17.35%,,,SUMIF,10039,38871.1,23855.8,20187.5,15.33%,15.33%,,,MAPZIPS,11361,44297.5,22719.3,20741.6,8.66%
11435,3.61E+10,2004.8,1108.6,917.5,17.24%,,,SUMIF,10065,29181.2,18342.5,17688.2,3.29%,3.29%,,,MAPZIPS,11364,45856.1,23532.6,21528.8,8.47%
11435,3.61E+10,2075,1333.5,1115.6,16.34%,,,SUMIF,10069,25962.2,15873.4,15134.2,4.76%,4.76%,,,MAPZIPS,11372,113978.4,63494,57433.4,9.79%
11435,3.61E+10,1564.9,888.4,744.3,16.22%,,,SUMIF,10075,64571.1,42402.7,40896.1,3.47%,3.47%,,,MAPZIPS,11373,114336.9,62513.3,56314.7,9.99%
11435,3.61E+10,3656.2,2242.1,1883.5,15.99%,,,SUMIF,10128,64737.5,42150.3,40258,4.78%,4.78%,,,MAPZIPS,11374,60408,32522.2,29963.1,8.21%
11435,3.61E+10,6284.9,3780.7,3217.9,14.89%,,,SUMIF,10280,11992.3,9660,9310.1,3.53%,3.53%,,,MAPZIPS,11375,79046,44759.9,41646.4,7.18%
11435,3.61E+10,2086.2,1291.1,1121.8,13.11%,,,SUMIF,10282,8787.3,6360.3,6135,3.53%,3.53%,,,MAPZIPS,11377,115464.4,65165.5,59225.5,10.94%
11435,3.61E+10,5840,4054.3,3549.6,12.45%,,,SUMIF,10314,70998.7,41063.7,34364.4,16.68%,10.20%,,,MAPZIPS,11379,41977.6,23314.4,21069.3,10.56%
11435,3.61E+10,5979.1,3659.1,3214.6,12.15%,,,SUMIF,10458,79715.8,44143.3,35809.6,19.40%,19.40%,,,MAPZIPS,11385,100185,61722.9,55547.7,9.78%
11435,3.61E+10,2642.5,1419,1247.7,12.07%,,,SUMIF,10462,87780.2,52386.8,44388.1,15.58%,15.58%,,,MAPZIPS,11432,67514.4,34306.2,29592.1,13.53%
11435,3.61E+10,1853.6,1129,993.5,12.00%,,,SUMIF,10463,71928.3,39628.7,35127.6,10.80%,10.80%,,,MAPZIPS,11435,70998.7,41063.7,34364.4,16.68%
11435,3.61E+10,1812.7,990.2,872.6,11.88%,,,SUMIF,10543,0,0,0,#DIV/0!,#DIV/0!,,,,,,,,
11435,3.61E+10,2370.9,1287.7,1140.5,11.43%,,,SUMIF,10583,0,0,0,#DIV/0!,#DIV/0!,,,,,,,,
11435,3.61E+10,4844,2517.2,2250.6,10.59%,,,SUMIF,10601,0,0,0,#DIV/0!,#DIV/0!,,,,,,,,
11372,3.61E+10,3123.1,1756.1,1522.9,13.28%,,,SUMIF,10606,0,0,0,#DIV/0!,#DIV/0!,,,,,,,,
11372,3.61E+10,3669.3,1744.3,1532.3,12.15%,,,SUMIF,10701,0,0,0,#DIV/0!,#DIV/0!,,,,,,,,
11372,3.61E+10,2221.8,1102.6,977.8,11.32%,,,SUMIF,10704,1540.8,863.6,799.4,7.43%,7.43%,,,,,,,,
11372,3.61E+10,4853.1,2517.5,2236,11.18%,,,SUMIF,10707,0,0,0,#DIV/0!,#DIV/0!,,,,,,,,
11372,3.61E+10,5411,2642.8,2353.7,10.94%,,,SUMIF,10801,0,0,0,#DIV/0!,#DIV/0!,,,,,,,,
11372,3.61E+10,5351.8,2875.2,2570.7,10.59%,,,SUMIF,10954,0,0,0,#DIV/0!,#DIV/0!,,,,,,,,
11372,3.61E+10,3118.8,1904,1704.8,10.46%,,,SUMIF,11021,0,0,0,#DIV/0!,#DIV/0!,,,,,,,,
11372,3.61E+10,5456.1,3037.8,2723.2,10.36%,,,SUMIF,11101,56401.2,37732,34074.6,11.45%,11.45%,,,,,,,,
11372,3.61E+10,2916.5,1667.6,1496.9,10.24%,,,SUMIF,11104,40562.5,26246.7,24099.1,8.23%,8.23%,,,,,,,,
11372,3.61E+10,2693.1,1508.1,1355.5,10.12%,,,SUMIF,11105,39387.6,25815.4,23715,8.14%,8.14%,,,,,,,,
11372,3.61E+10,4072,2248.8,2023.4,10.02%,,,SUMIF,11201,67328.2,46246.6,42750.6,8.01%,8.01%,,,,,,,,
11372,3.61E+10,4559.4,2668.8,2405.6,9.86%,,,SUMIF,11205,58761.4,35744.6,32003,10.64%,10.64%,,,,,,,,
11372,3.61E+10,5011.3,3159.9,2849.4,9.83%,,,SUMIF,11206,99968.3,57372.7,49372.2,14.45%,14.45%,,,,,,,,
11372,3.61E+10,3388.8,1959.8,1767.7,9.80%,,,SUMIF,11207,111815.7,56818.6,47465.8,16.30%,16.30%,,,,,,,,
11372,3.61E+10,5160.1,2703,2439.8,9.74%,,,SUMIF,11209,63354.7,36333.3,33270.1,8.12%,8.12%,,,,,,,,
11372,3.61E+10,2263.2,1229,1111,9.60%,,,SUMIF,11210,88405.7,46208.9,41457.7,9.99%,9.99%,,,,,,,,
11372,3.61E+10,5011.4,2881.2,2606.1,9.55%,,,SUMIF,11211,77084.8,52845.9,48469.2,8.19%,8.19%,,,,,,,,
11372,3.61E+10,6575.7,4093.4,3724.3,9.02%,,,SUMIF,11213,71356.2,37892.7,32877.6,13.39%,13.39%,,,,,,,,
11372,3.61E+10,5798.5,2851.6,2598.6,8.87%,,,SUMIF,11215,73727.1,55629.1,52777.6,5.40%,5.40%,,,,,,,,
11372,3.61E+10,4219.8,2648.9,2417.2,8.75%,,,SUMIF,11216,89931,56414.4,50010.2,11.39%,11.39%,,,,,,,,
11372,3.61E+10,6509.6,3438.8,3142.4,8.62%,,,SUMIF,11218,81263.4,45824.8,41923.4,8.56%,8.56%,,,,,,,,
11372,3.61E+10,6912,3951,3622.9,8.30%,,,SUMIF,11221,115537.8,70655.9,60091.5,15.07%,15.07%,,,,,,,,
11372,3.61E+10,5749.2,2932.6,2693,8.17%,,,SUMIF,11222,42110.4,30906.7,28892.1,6.77%,6.77%,,,,,,,,
11372,3.61E+10,4435.7,2556.1,2376.9,7.01%,,,SUMIF,11226,109596.5,62948,55167.2,12.30%,12.30%,,,,,,,,
11372,3.61E+10,5497.1,3415.1,3181.3,6.85%,,,SUMIF,11230,92241.5,46364,42185.5,8.83%,8.83%,,,,,,,,
10458,3.60E+10,4178.5,2047.8,1529,25.33%,,,SUMIF,11231,38936.6,27335.2,25375.3,7.31%,7.31%,,,,,,,,
10458,3.60E+10,913.1,504.2,377.6,25.11%,,,SUMIF,11232,36778.8,21401.1,19170.1,10.83%,10.83%,,,,,,,,
10458,3.60E+10,2774.3,1624.8,1242.2,23.55%,,,SUMIF,11233,75970.6,39569.3,34078.4,14.26%,14.26%,,,,,,,,
10458,3.60E+10,6441.1,2925.1,2260.7,22.71%,,,SUMIF,11238,79358.3,54474.9,50014.1,8.43%,8.43%,,,,,,,,
10458,3.60E+10,5638.7,3126.7,2426.4,22.40%,,,SUMIF,11249,38051.7,25290.7,23457.8,7.53%,7.53%,,,,,,,,
10458,3.60E+10,4301.2,2055.2,1597.4,22.28%,,,SUMIF,11354,82587.3,35878.4,32415.4,9.45%,9.45%,,,,,,,,
10458,3.60E+10,3290.3,1451.7,1141.7,21.35%,,,SUMIF,11355,93968.5,39596.6,35821.8,9.59%,9.59%,,,,,,,,
10458,3.60E+10,5616.2,3031.8,2401.4,20.79%,,,SUMIF,11358,59002.4,28237.6,25696.3,8.99%,8.99%,,,,,,,,
10458,3.60E+10,3663.3,1369.3,1085,20.76%,,,SUMIF,11360,19361.4,9150.9,8436.9,7.97%,7.97%,,,,,,,,
10458,3.60E+10,3697.2,2208,1777.5,19.50%,,,SUMIF,11361,44297.5,22719.3,20741.6,8.66%,8.66%,,,,,,,,
10458,3.60E+10,3923.1,2153.1,1733.4,19.49%,,,SUMIF,11364,45856.1,23532.6,21528.8,8.47%,8.47%,,,,,,,,
10458,3.60E+10,3210.8,1904.4,1539.8,19.15%,,,SUMIF,11372,113978.4,63494,57433.4,9.79%,9.79%,,,,,,,,
10458,3.60E+10,4116.2,2364,1931.7,18.29%,,,SUMIF,11373,114336.9,62513.3,56314.7,9.99%,9.99%,,,,,,,,
10458,3.60E+10,4843.7,3117.9,2553,18.12%,,,SUMIF,11374,60408,32522.2,29963.1,8.21%,8.21%,,,,,,,,
10458,3.60E+10,3342.8,1809.4,1488.9,17.71%,,,SUMIF,11375,79046,44759.9,41646.4,7.18%,7.18%,,,,,,,,
10458,3.60E+10,3086.3,1729,1439.1,16.77%,,,SUMIF,11377,115464.4,65165.5,59225.5,10.94%,10.94%,,,,,,,,
10458,3.60E+10,4866.9,3176.3,2697.5,15.07%,,,SUMIF,11379,41977.6,23314.4,21069.3,10.56%,10.56%,,,,,,,,
10458,3.60E+10,74.2,34.9,29.9,14.33%,,,SUMIF,11385,100185,61722.9,55547.7,9.78%,9.78%,,,,,,,,
10458,3.60E+10,6357,4401.9,3827.5,13.05%,,,SUMIF,11432,67514.4,34306.2,29592.1,13.53%,13.53%,,,,,,,,
10458,3.60E+10,5380.9,3107.8,2729.9,12.16%,,,SUMIF,11435,70998.7,41063.7,34364.4,16.68%,16.68%,,,,,,,,
11360,3.61E+10,2696,1507,1368,9.22%,,,SUMIF,11542,0,0,0,#DIV/0!,#DIV/0!,,,,,,,,
11360,3.61E+10,2667.8,1262,1153.7,8.58%,,,SUMIF,11561,0,0,0,#DIV/0!,#DIV/0!,,,,,,,,
11360,3.61E+10,2306.3,1173.8,1078,8.16%,,,SUMIF,11727,0,0,0,#DIV/0!,#DIV/0!,,,,,,,,
11360,3.61E+10,1968.7,886.9,818.6,7.70%,,,SUMIF,11746,0,0,0,#DIV/0!,#DIV/0!,,,,,,,,
11360,3.61E+10,3279.7,1587.8,1471.1,7.35%,,,SUMIF,11801,0,0,0,#DIV/0!,#DIV/0!,,,,,,,,
11360,3.61E+10,6442.9,2733.4,2547.5,6.80%,,,SUMIF,11937,0,0,0,#DIV/0!,#DIV/0!,,,,,,,,
11432,3.61E+10,4328.6,1929.4,1571,18.58%,,,SUMIF,11963,0,0,0,#DIV/0!,#DIV/0!,,,,,,,,
11432,3.61E+10,2356.1,1080.5,880.1,18.55%,,,SUMIF,12550,0,0,0,#DIV/0!,#DIV/0!,,,,,,,,
11432,3.61E+10,4924.9,2788.1,2304.5,17.35%,,,SUMIF,12601,0,0,0,#DIV/0!,#DIV/0!,,,,,,,,
11432,3.61E+10,2619.8,1359.4,1147.1,15.62%,,,,,,,,,,,,,,,,,
11432,3.61E+10,2864.6,1335.6,1127.9,15.55%,,,,,,,,,,,,,,,,,
11432,3.61E+10,2038.8,1117.2,948.9,15.06%,,,,,,,,,,,,,,,,,
11432,3.61E+10,3504.5,1893.2,1612.6,14.82%,,,,,,,,,,,,,,,,,
11432,3.61E+10,1469.2,755.4,644.7,14.65%,,,,,,,,,,,,,,,,,
11432,3.61E+10,5821,2977.5,2552.2,14.28%,,,,,,,,,,,,,,,,,
11432,3.61E+10,2834.2,1366.4,1171.5,14.26%,,,,,,,,,,,,,,,,,
11432,3.61E+10,1571.3,771.4,663.5,13.99%,,,,,,,,,,,,,,,,,
11432,3.61E+10,1207.7,543.3,472.5,13.03%,,,,,,,,,,,,,,,,,
11432,3.61E+10,1097.4,291,253.1,13.02%,,,,,,,,,,,,,,,,,
11432,3.61E+10,3731.9,1953.4,1703.3,12.80%,,,,,,,,,,,,,,,,,
11432,3.61E+10,2659.5,1439.5,1260.4,12.44%,,,,,,,,,,,,,,,,,
11432,3.61E+10,2642.5,1419,1247.7,12.07%,,,,,,,,,,,,,,,,,
11432,3.61E+10,1920,1048.6,922.9,11.99%,,,,,,,,,,,,,,,,,
11432,3.61E+10,1812.7,990.2,872.6,11.88%,,,,,,,,,,,,,,,,,
11432,3.61E+10,4822.2,2637.6,2325.1,11.85%,,,,,,,,,,,,,,,,,
11432,3.61E+10,2370.9,1287.7,1140.5,11.43%,,,,,,,,,,,,,,,,,
11432,3.61E+10,2972.4,1587.7,1411.9,11.07%,,,,,,,,,,,,,,,,,
11432,3.61E+10,1863.7,1034.9,921.2,10.99%,,,,,,,,,,,,,,,,,
11432,3.61E+10,3383.3,1440.9,1297,9.99%,,,,,,,,,,,,,,,,,
11432,3.61E+10,2697.2,1258.3,1139.9,9.41%,,,,,,,,,,,,,,,,,
11210,3.60E+10,2028.2,1051.6,892.7,15.11%,,,,,,,,,,,,,,,,,
11210,3.60E+10,1870.7,933.5,797.9,14.53%,,,,,,,,,,,,,,,,,
11210,3.60E+10,2046,915.2,786,14.12%,,,,,,,,,,,,,,,,,
11210,3.60E+10,3902.2,2190.3,1890.3,13.70%,,,,,,,,,,,,,,,,,
11210,3.60E+10,2010.9,1102.6,956.9,13.21%,,,,,,,,,,,,,,,,,
11210,3.60E+10,2888.4,1701.5,1484.2,12.77%,,,,,,,,,,,,,,,,,
11210,3.60E+10,1410.5,667.6,584.2,12.49%,,,,,,,,,,,,,,,,,
11210,3.60E+10,3230.1,1796.7,1574.8,12.35%,,,,,,,,,,,,,,,,,
11210,3.60E+10,2321.8,1291.5,1132,12.35%,,,,,,,,,,,,,,,,,
11210,3.60E+10,2526.9,1420.9,1253.5,11.78%,,,,,,,,,,,,,,,,,
11210,3.60E+10,2771.6,1631.3,1447.4,11.27%,,,,,,,,,,,,,,,,,
11210,3.60E+10,4006,1925,1713.3,11.00%,,,,,,,,,,,,,,,,,
11210,3.60E+10,4488.9,2365.4,2105.5,10.99%,,,,,,,,,,,,,,,,,
11210,3.60E+10,2529.2,1327.6,1181.8,10.98%,,,,,,,,,,,,,,,,,
11210,3.60E+10,4161.6,2047.5,1828.9,10.68%,,,,,,,,,,,,,,,,,
11210,3.60E+10,3480,1924.7,1726.6,10.29%,,,,,,,,,,,,,,,,,
11210,3.60E+10,2262.1,1222.4,1097.1,10.25%,,,,,,,,,,,,,,,,,
11210,3.60E+10,1828.7,966,867.1,10.24%,,,,,,,,,,,,,,,,,
11210,3.60E+10,5018.8,2673.3,2420.1,9.47%,,,,,,,,,,,,,,,,,
11210,3.60E+10,1968.1,1167,1058.3,9.31%,,,,,,,,,,,,,,,,,
11210,3.60E+10,2933.9,1523,1383.7,9.15%,,,,,,,,,,,,,,,,,
11210,3.60E+10,2140.1,1005.1,915.4,8.92%,,,,,,,,,,,,,,,,,
11210,3.60E+10,2003.5,1078.5,982.3,8.92%,,,,,,,,,,,,,,,,,
11210,3.60E+10,1947,995,906.7,8.87%,,,,,,,,,,,,,,,,,
11210,3.60E+10,3603.1,1656.3,1517.9,8.36%,,,,,,,,,,,,,,,,,
11210,3.60E+10,1519.1,702.8,649.9,7.53%,,,,,,,,,,,,,,,,,
11210,3.60E+10,3046.2,1606.4,1488.6,7.33%,,,,,,,,,,,,,,,,,
11210,3.60E+10,3593.3,1749.2,1621.4,7.31%,,,,,,,,,,,,,,,,,
11210,3.60E+10,1817.7,825.5,766.3,7.17%,,,,,,,,,,,,,,,,,
11210,3.60E+10,2469.2,1351.4,1254.6,7.16%,,,,,,,,,,,,,,,,,
11210,3.60E+10,1516.4,847,787.2,7.06%,,,,,,,,,,,,,,,,,
11210,3.60E+10,1818.1,935.2,872.9,6.66%,,,,,,,,,,,,,,,,,
11210,3.60E+10,1348.9,678.9,634.6,6.53%,,,,,,,,,,,,,,,,,
11210,3.60E+10,1073.8,535,502.6,6.06%,,,,,,,,,,,,,,,,,
11210,3.60E+10,824.7,398,375,5.78%,,,,,,,,,,,,,,,,,
11355,3.61E+10,3832.6,1771.6,1560.1,11.94%,,,,,,,,,,,,,,,,,
11355,3.61E+10,6256.7,2757.7,2437.8,11.60%,,,,,,,,,,,,,,,,,
11355,3.61E+10,1851.9,934.2,829.5,11.21%,,,,,,,,,,,,,,,,,
11355,3.61E+10,1501.1,696.7,620.9,10.88%,,,,,,,,,,,,,,,,,
11355,3.61E+10,2581.3,708.6,633.7,10.57%,,,,,,,,,,,,,,,,,
11355,3.61E+10,1483.2,512.5,458.9,10.46%,,,,,,,,,,,,,,,,,
11355,3.61E+10,2536.3,1040.3,932,10.41%,,,,,,,,,,,,,,,,,
11355,3.61E+10,4913.5,2189.8,1962,10.40%,,,,,,,,,,,,,,,,,
11355,3.61E+10,2148.4,1015.4,909.9,10.39%,,,,,,,,,,,,,,,,,
11355,3.61E+10,1627.2,709.5,637.2,10.19%,,,,,,,,,,,,,,,,,
11355,3.61E+10,3406.2,1430,1287.1,9.99%,,,,,,,,,,,,,,,,,
11355,3.61E+10,8602.7,3329.7,3000.4,9.89%,,,,,,,,,,,,,,,,,
11355,3.61E+10,4436.9,1799,1628,9.51%,,,,,,,,,,,,,,,,,
11355,3.61E+10,6344.4,3022,2736.5,9.45%,,,,,,,,,,,,,,,,,
11355,3.61E+10,2241.9,1051.2,953.5,9.29%,,,,,,,,,,,,,,,,,
11355,3.61E+10,6107.5,2877.2,2615.1,9.11%,,,,,,,,,,,,,,,,,
11355,3.61E+10,1459.7,638.4,581.7,8.88%,,,,,,,,,,,,,,,,,
11355,3.61E+10,4949.4,1959.4,1786.4,8.83%,,,,,,,,,,,,,,,,,
11355,3.61E+10,5031.8,2061.5,1881.3,8.74%,,,,,,,,,,,,,,,,,
11355,3.61E+10,2686.8,1327.4,1215.6,8.42%,,,,,,,,,,,,,,,,,
11355,3.61E+10,4958.8,2165.5,1984.9,8.34%,,,,,,,,,,,,,,,,,
11355,3.61E+10,2033.1,848.9,778.2,8.33%,,,,,,,,,,,,,,,,,
11355,3.61E+10,5003.4,1848.9,1695.2,8.31%,,,,,,,,,,,,,,,,,
11355,3.61E+10,1993.9,813,749.5,7.81%,,,,,,,,,,,,,,,,,
11355,3.61E+10,5979.8,2088.2,1946.4,6.79%,,,,,,,,,,,,,,,,,
10462,3.60E+10,1694.5,980.1,763.9,22.06%,,,,,,,,,,,,,,,,,
10462,3.60E+10,2263.2,1004.1,792,21.12%,,,,,,,,,,,,,,,,,
10462,3.60E+10,1446.8,815.1,651.4,20.08%,,,,,,,,,,,,,,,,,
10462,3.60E+10,2899,1709.5,1391.6,18.60%,,,,,,,,,,,,,,,,,
10462,3.60E+10,3441.6,1933.1,1574.6,18.55%,,,,,,,,,,,,,,,,,
10462,3.60E+10,2714.8,1706.6,1398,18.08%,,,,,,,,,,,,,,,,,
10462,3.60E+10,2000.7,1084.7,889,18.04%,,,,,,,,,,,,,,,,,
10462,3.60E+10,5102.4,3029.8,2491.2,17.78%,,,,,,,,,,,,,,,,,
10462,3.60E+10,2122,1179.6,975.1,17.34%,,,,,,,,,,,,,,,,,
10462,3.60E+10,2297,1415.8,1179.3,16.70%,,,,,,,,,,,,,,,,,
10462,3.60E+10,1825.7,1097.8,916.2,16.54%,,,,,,,,,,,,,,,,,
10462,3.60E+10,2110.6,1398,1167.9,16.46%,,,,,,,,,,,,,,,,,
10462,3.60E+10,5176.5,3177.8,2657.8,16.36%,,,,,,,,,,,,,,,,,
10462,3.60E+10,1869.4,1043.2,882.6,15.39%,,,,,,,,,,,,,,,,,
10462,3.60E+10,6466.8,4188.7,3573.6,14.68%,,,,,,,,,,,,,,,,,
10462,3.60E+10,4908.9,2946.4,2515.2,14.63%,,,,,,,,,,,,,,,,,
10462,3.60E+10,3276.4,1988,1701.1,14.43%,,,,,,,,,,,,,,,,,
10462,3.60E+10,74.2,34.9,29.9,14.33%,,,,,,,,,,,,,,,,,
10462,3.60E+10,7772.2,5048.6,4333.8,14.16%,,,,,,,,,,,,,,,,,
10462,3.60E+10,4307.2,2596.4,2232.1,14.03%,,,,,,,,,,,,,,,,,
10462,3.60E+10,1395.7,774.6,666.7,13.93%,,,,,,,,,,,,,,,,,
10462,3.60E+10,3775.7,2449.9,2119,13.51%,,,,,,,,,,,,,,,,,
10462,3.60E+10,2825.7,1394.2,1207.3,13.41%,,,,,,,,,,,,,,,,,
10462,3.60E+10,1847.9,1019.2,884.2,13.25%,,,,,,,,,,,,,,,,,
10462,3.60E+10,2345.4,1257.2,1093.8,13.00%,,,,,,,,,,,,,,,,,
10462,3.60E+10,1875.7,1133.3,992.5,12.42%,,,,,,,,,,,,,,,,,
10462,3.60E+10,2756.1,1752.9,1542.5,12.00%,,,,,,,,,,,,,,,,,
10462,3.60E+10,5134.2,3089.9,2735.8,11.46%,,,,,,,,,,,,,,,,,
10462,3.60E+10,2053.9,1137.4,1030,9.44%,,,,,,,,,,,,,,,,,
11373,3.61E+10,2821.9,1699.9,1455.4,14.38%,,,,,,,,,,,,,,,,,
11373,3.61E+10,2030.8,1093,947.5,13.31%,,,,,,,,,,,,,,,,,
11373,3.61E+10,3466.6,2177.2,1913.9,12.09%,,,,,,,,,,,,,,,,,
11373,3.61E+10,3597.8,1975,1737.7,12.02%,,,,,,,,,,,,,,,,,
11373,3.61E+10,4669.9,2430.2,2144.2,11.77%,,,,,,,,,,,,,,,,,
11373,3.61E+10,4036.4,2000,1764.7,11.77%,,,,,,,,,,,,,,,,,
11373,3.61E+10,4853.1,2517.5,2236,11.18%,,,,,,,,,,,,,,,,,
11373,3.61E+10,3242.1,1888.4,1680.4,11.01%,,,,,,,,,,,,,,,,,
11373,3.61E+10,3848.5,1878,1680.8,10.50%,,,,,,,,,,,,,,,,,
11373,3.61E+10,3104.2,1758.9,1577.2,10.33%,,,,,,,,,,,,,,,,,
11373,3.61E+10,2916.5,1667.6,1496.9,10.24%,,,,,,,,,,,,,,,,,
11373,3.61E+10,12165.2,7126.8,6397.4,10.23%,,,,,,,,,,,,,,,,,
11373,3.61E+10,4535,2089.6,1878.3,10.11%,,,,,,,,,,,,,,,,,
11373,3.61E+10,5011.3,3159.9,2849.4,9.83%,,,,,,,,,,,,,,,,,
11373,3.61E+10,3388.8,1959.8,1767.7,9.80%,,,,,,,,,,,,,,,,,
11373,3.61E+10,2764.2,1609.2,1453,9.71%,,,,,,,,,,,,,,,,,
11373,3.61E+10,3560.4,1916.8,1735.3,9.47%,,,,,,,,,,,,,,,,,
11373,3.61E+10,2369.7,1288.3,1169.9,9.19%,,,,,,,,,,,,,,,,,
11373,3.61E+10,3350.3,1901.9,1731.7,8.95%,,,,,,,,,,,,,,,,,
11373,3.61E+10,5515.4,2324.6,2117.4,8.91%,,,,,,,,,,,,,,,,,
11373,3.61E+10,2655,1511.4,1377.1,8.89%,,,,,,,,,,,,,,,,,
11373,3.61E+10,4219.8,2648.9,2417.2,8.75%,,,,,,,,,,,,,,,,,
11373,3.61E+10,6509.6,3438.8,3142.4,8.62%,,,,,,,,,,,,,,,,,
11373,3.61E+10,3926.8,2232.1,2042.2,8.51%,,,,,,,,,,,,,,,,,
11373,3.61E+10,3447.2,1684.2,1554.6,7.70%,,,,,,,,,,,,,,,,,
11373,3.61E+10,6991.4,3707.2,3425.2,7.61%,,,,,,,,,,,,,,,,,
11373,3.61E+10,1177.2,591.2,546.6,7.54%,,,,,,,,,,,,,,,,,
11373,3.61E+10,4161.8,2236.9,2074.6,7.26%,,,,,,,,,,,,,,,,,
11361,3.61E+10,2622.1,1289.5,1121.6,13.02%,,,,,,,,,,,,,,,,,
11361,3.61E+10,2755.4,1287.3,1128.4,12.34%,,,,,,,,,,,,,,,,,
11361,3.61E+10,2121,1118.4,988.5,11.61%,,,,,,,,,,,,,,,,,
11361,3.61E+10,1667.6,1070.1,967.4,9.60%,,,,,,,,,,,,,,,,,
11361,3.61E+10,2904.4,1366.5,1236.1,9.54%,,,,,,,,,,,,,,,,,
11361,3.61E+10,2303.5,1183.7,1072.9,9.36%,,,,,,,,,,,,,,,,,
11361,3.61E+10,1505.2,754.4,685.1,9.19%,,,,,,,,,,,,,,,,,
11361,3.61E+10,3135,1632.1,1482.9,9.14%,,,,,,,,,,,,,,,,,
11361,3.61E+10,2400.3,1447.5,1318.2,8.93%,,,,,,,,,,,,,,,,,
11361,3.61E+10,2667.8,1262,1153.7,8.58%,,,,,,,,,,,,,,,,,
11361,3.61E+10,1449.5,810,740.5,8.58%,,,,,,,,,,,,,,,,,
11361,3.61E+10,44.1,11.9,10.9,8.40%,,,,,,,,,,,,,,,,,
11361,3.61E+10,1011.8,547.6,504.6,7.85%,,,,,,,,,,,,,,,,,
11361,3.61E+10,1968.7,886.9,818.6,7.70%,,,,,,,,,,,,,,,,,
11361,3.61E+10,2798.8,1437.7,1329.8,7.51%,,,,,,,,,,,,,,,,,
11361,3.61E+10,4034.4,1989.4,1845.3,7.24%,,,,,,,,,,,,,,,,,
11361,3.61E+10,2760.2,1307,1212.5,7.23%,,,,,,,,,,,,,,,,,
11361,3.61E+10,1507.4,845.8,794.7,6.04%,,,,,,,,,,,,,,,,,
11361,3.61E+10,2896.7,1495.9,1408,5.88%,,,,,,,,,,,,,,,,,
11361,3.61E+10,1743.6,975.6,921.9,5.50%,,,,,,,,,,,,,,,,,
11233,3.60E+10,5333.6,2052.2,1410.4,31.27%,,,,,,,,,,,,,,,,,
11233,3.60E+10,958.1,482.4,377.8,21.68%,,,,,,,,,,,,,,,,,
11233,3.60E+10,3935.4,1962.8,1573.1,19.85%,,,,,,,,,,,,,,,,,
11233,3.60E+10,3683.3,1715.9,1411.7,17.73%,,,,,,,,,,,,,,,,,
11233,3.60E+10,4052.9,1757,1456,17.13%,,,,,,,,,,,,,,,,,
11233,3.60E+10,2427.2,1115.6,934.4,16.24%,,,,,,,,,,,,,,,,,
11233,3.60E+10,2236.1,857.7,725.6,15.40%,,,,,,,,,,,,,,,,,
11233,3.60E+10,2723.9,1632.7,1387.2,15.04%,,,,,,,,,,,,,,,,,
11233,3.60E+10,2516,1187.6,1011.3,14.85%,,,,,,,,,,,,,,,,,
11233,3.60E+10,2292.7,1048.8,894.9,14.67%,,,,,,,,,,,,,,,,,
11233,3.60E+10,3865.6,2454.2,2119.4,13.64%,,,,,,,,,,,,,,,,,
11233,3.60E+10,3584.6,1597.8,1382.1,13.50%,,,,,,,,,,,,,,,,,
11233,3.60E+10,3508.6,2002.7,1739.6,13.14%,,,,,,,,,,,,,,,,,
11233,3.60E+10,4387.9,2365.7,2065.1,12.71%,,,,,,,,,,,,,,,,,
11233,3.60E+10,4241.9,2403,2135.1,11.15%,,,,,,,,,,,,,,,,,
11233,3.60E+10,3850.4,2040.5,1813.1,11.14%,,,,,,,,,,,,,,,,,
11233,3.60E+10,2846.4,1455.8,1295.9,10.98%,,,,,,,,,,,,,,,,,
11233,3.60E+10,1195,674,605.2,10.21%,,,,,,,,,,,,,,,,,
11233,3.60E+10,3963.6,2451.1,2204.6,10.06%,,,,,,,,,,,,,,,,,
11233,3.60E+10,3478.4,1855.5,1669.2,10.04%,,,,,,,,,,,,,,,,,
11233,3.60E+10,3208.1,1697.1,1534.5,9.58%,,,,,,,,,,,,,,,,,
11233,3.60E+10,3887.1,2516.4,2290.1,8.99%,,,,,,,,,,,,,,,,,
11233,3.60E+10,3793.8,2242.8,2042.1,8.95%,,,,,,,,,,,,,,,,,
10463,3.60E+10,2788.4,1666.6,1343,19.42%,,,,,,,,,,,,,,,,,
10463,3.60E+10,2077.8,1052.3,860.6,18.22%,,,,,,,,,,,,,,,,,
10463,3.60E+10,2818,1812.1,1507,16.84%,,,,,,,,,,,,,,,,,
10463,3.60E+10,3718.2,2167.1,1824.9,15.79%,,,,,,,,,,,,,,,,,
10463,3.60E+10,6390.3,3635.7,3099.7,14.74%,,,,,,,,,,,,,,,,,
10463,3.61E+10,8693.7,4835.1,4134.2,14.50%,,,,,,,,,,,,,,,,,
10463,3.60E+10,3997.2,2079.9,1803.4,13.29%,,,,,,,,,,,,,,,,,
10463,3.60E+10,6069.3,3624.7,3155.7,12.94%,,,,,,,,,,,,,,,,,
10463,3.60E+10,2662.3,1525.1,1337.1,12.33%,,,,,,,,,,,,,,,,,
10463,3.60E+10,4043.3,2379.4,2104,11.57%,,,,,,,,,,,,,,,,,
10463,3.60E+10,1795.7,888.4,812.4,8.55%,,,,,,,,,,,,,,,,,
10463,3.60E+10,3172.8,2035.2,1869.8,8.13%,,,,,,,,,,,,,,,,,
10463,3.60E+10,3365.8,1094,1026.4,6.18%,,,,,,,,,,,,,,,,,
10463,3.60E+10,1751.2,722.9,681.1,5.78%,,,,,,,,,,,,,,,,,
10463,3.60E+10,3214.2,1650.5,1556.9,5.67%,,,,,,,,,,,,,,,,,
10463,3.60E+10,4140.6,2694,2544.6,5.55%,,,,,,,,,,,,,,,,,
10463,3.60E+10,1377.8,462.3,437.9,5.28%,,,,,,,,,,,,,,,,,
10463,3.60E+10,4697.6,2494.6,2364.2,5.23%,,,,,,,,,,,,,,,,,
10463,3.60E+10,5154.1,2808.8,2664.7,5.13%,,,,,,,,,,,,,,,,,
11385,3.61E+10,940.4,647.5,543.7,16.03%,,,,,,,,,,,,,,,,,
11385,3.61E+10,1021.2,629.2,547.3,13.02%,,,,,,,,,,,,,,,,,
11385,3.61E+10,2134.3,1224.6,1078.4,11.94%,,,,,,,,,,,,,,,,,
11385,3.61E+10,4651.5,2983.2,2631.2,11.80%,,,,,,,,,,,,,,,,,
11385,3.61E+10,4385.8,2770,2448.1,11.62%,,,,,,,,,,,,,,,,,
11385,3.61E+10,2469.6,1347.4,1192.7,11.48%,,,,,,,,,,,,,,,,,
11385,3.61E+10,5196.5,3151.2,2799.4,11.16%,,,,,,,,,,,,,,,,,
11385,3.61E+10,2212.9,1265.8,1125,11.12%,,,,,,,,,,,,,,,,,
11385,3.61E+10,4305.9,2730.7,2429,11.05%,,,,,,,,,,,,,,,,,
11385,3.61E+10,3885.7,2450.4,2180.7,11.01%,,,,,,,,,,,,,,,,,
11385,3.61E+10,1612.1,995.8,886.3,11.00%,,,,,,,,,,,,,,,,,
11385,3.61E+10,4578.2,3104.4,2769.7,10.78%,,,,,,,,,,,,,,,,,
11385,3.61E+10,3937.1,2599.3,2329.1,10.40%,,,,,,,,,,,,,,,,,
11385,3.61E+10,3604.9,2290.7,2052.6,10.39%,,,,,,,,,,,,,,,,,
11385,3.61E+10,3146.1,2215,1985.5,10.36%,,,,,,,,,,,,,,,,,
11385,3.61E+10,1331.3,785.4,704.7,10.28%,,,,,,,,,,,,,,,,,
11385,3.61E+10,3639.8,2171.4,1948.7,10.26%,,,,,,,,,,,,,,,,,
11385,3.61E+10,3520,2248.3,2022.8,10.03%,,,,,,,,,,,,,,,,,
11385,3.61E+10,2571.7,1421.3,1279,10.01%,,,,,,,,,,,,,,,,,
11385,3.61E+10,2310.2,1433.9,1290.6,9.99%,,,,,,,,,,,,,,,,,
11385,3.61E+10,3589.1,1939.6,1748,9.88%,,,,,,,,,,,,,,,,,
11385,3.61E+10,1855.4,1132.5,1022.4,9.72%,,,,,,,,,,,,,,,,,
11385,3.61E+10,2363.5,1383.6,1250.5,9.62%,,,,,,,,,,,,,,,,,
11385,3.61E+10,1725,1105.9,1006.2,9.02%,,,,,,,,,,,,,,,,,
11385,3.61E+10,3004.1,1589.5,1446.5,9.00%,,,,,,,,,,,,,,,,,
11385,3.61E+10,1489.3,931.4,848.6,8.89%,,,,,,,,,,,,,,,,,
11385,3.61E+10,2204.6,1352.6,1233,8.84%,,,,,,,,,,,,,,,,,
11385,3.61E+10,1168.7,615.7,562.6,8.62%,,,,,,,,,,,,,,,,,
11385,3.61E+10,3012.9,1893.5,1738.3,8.20%,,,,,,,,,,,,,,,,,
11385,3.61E+10,2344,1378.4,1266,8.15%,,,,,,,,,,,,,,,,,
11385,3.61E+10,3522.9,2121.3,1949.8,8.08%,,,,,,,,,,,,,,,,,
11385,3.61E+10,1207.2,790.1,728,7.86%,,,,,,,,,,,,,,,,,
11385,3.61E+10,4239.8,2753.1,2539.3,7.77%,,,,,,,,,,,,,,,,,
11385,3.61E+10,2369.9,1537.8,1424.7,7.35%,,,,,,,,,,,,,,,,,
11385,3.61E+10,1772.8,1046.3,970,7.29%,,,,,,,,,,,,,,,,,
11385,3.61E+10,2802.6,1646.1,1530.5,7.02%,,,,,,,,,,,,,,,,,
11385,3.61E+10,58,40,38.8,3.00%,,,,,,,,,,,,,,,,,
10007,3.61E+10,5984.3,2029.4,1811.7,10.73%,,,,,,,,,,,,,,,,,
10007,3.61E+10,2504.9,1480.4,1348.9,8.88%,,,,,,,,,,,,,,,,,
10007,3.61E+10,4157.1,3248.9,3115.1,4.12%,,,,,,,,,,,,,,,,,
10007,3.61E+10,4900.3,3349.1,3221.9,3.80%,,,,,,,,,,,,,,,,,
10007,3.61E+10,4176.4,3746.7,3605.2,3.78%,,,,,,,,,,,,,,,,,
10007,3.61E+10,3887,3011.2,2913.1,3.26%,,,,,,,,,,,,,,,,,
10007,3.61E+10,4921.5,3783.5,3678.1,2.79%,,,,,,,,,,,,,,,,,
10704,3.60E+10,1540.8,863.6,799.4,7.43%,,,,,,,,,,,,,,,,,
11374,3.61E+10,4351.5,2112.1,1864.2,11.74%,,,,,,,,,,,,,,,,,
11374,3.61E+10,1255,769.3,689.1,10.43%,,,,,,,,,,,,,,,,,
11374,3.61E+10,3481.8,1771.7,1590.3,10.24%,,,,,,,,,,,,,,,,,
11374,3.61E+10,2578.4,1274.2,1147.1,9.97%,,,,,,,,,,,,,,,,,
11374,3.61E+10,3004.1,1589.5,1446.5,9.00%,,,,,,,,,,,,,,,,,
11374,3.61E+10,4616.8,2186.9,2001,8.50%,,,,,,,,,,,,,,,,,
11374,3.61E+10,1872.5,1032,946.1,8.32%,,,,,,,,,,,,,,,,,
11374,3.61E+10,5355.6,2693.3,2469.7,8.30%,,,,,,,,,,,,,,,,,
11374,3.61E+10,1730.4,812.4,746.7,8.09%,,,,,,,,,,,,,,,,,
11374,3.61E+10,3340.3,1964.3,1806.3,8.04%,,,,,,,,,,,,,,,,,
11374,3.61E+10,5579.3,3521.6,3244.7,7.86%,,,,,,,,,,,,,,,,,
11374,3.61E+10,3447.2,1684.2,1554.6,7.70%,,,,,,,,,,,,,,,,,
11374,3.61E+10,2210.4,1140,1055.5,7.41%,,,,,,,,,,,,,,,,,
11374,3.61E+10,4161.8,2236.9,2074.6,7.26%,,,,,,,,,,,,,,,,,
11374,3.61E+10,3097.6,1449.8,1347.4,7.06%,,,,,,,,,,,,,,,,,
11374,3.61E+10,5424.1,3126.9,2960.1,5.33%,,,,,,,,,,,,,,,,,
11374,3.61E+10,4901.2,3157.1,3019.2,4.37%,,,,,,,,,,,,,,,,,
11207,3.60E+10,5333.6,2052.2,1410.4,31.27%,,,,,,,,,,,,,,,,,
11207,3.60E+10,2761.1,1260.2,919.7,27.02%,,,,,,,,,,,,,,,,,
11207,3.60E+10,2465.8,1130.3,837.3,25.92%,,,,,,,,,,,,,,,,,
11207,3.60E+10,1846.6,1047.6,785.8,24.99%,,,,,,,,,,,,,,,,,
11207,3.60E+10,2414.6,1113.8,843.6,24.26%,,,,,,,,,,,,,,,,,
11207,3.60E+10,3003.4,1185.6,934.9,21.15%,,,,,,,,,,,,,,,,,
11207,3.60E+10,3134.3,1570.7,1263.7,19.55%,,,,,,,,,,,,,,,,,
11207,3.60E+10,2796,1416.4,1141.9,19.38%,,,,,,,,,,,,,,,,,
11207,3.60E+10,3098.7,1264.4,1022.7,19.12%,,,,,,,,,,,,,,,,,
11207,3.60E+10,1617.8,888.2,719.2,19.03%,,,,,,,,,,,,,,,,,
11207,3.60E+10,3205.2,1711.4,1394,18.55%,,,,,,,,,,,,,,,,,
11207,3.60E+10,3523.1,1603.1,1311,18.22%,,,,,,,,,,,,,,,,,
11207,3.60E+10,2210.9,1062.9,876.9,17.50%,,,,,,,,,,,,,,,,,
11207,3.60E+10,4857.1,3332.8,2749.9,17.49%,,,,,,,,,,,,,,,,,
11207,3.60E+10,2544,1204.9,998.7,17.11%,,,,,,,,,,,,,,,,,
11207,3.60E+10,2723.4,1150,963,16.26%,,,,,,,,,,,,,,,,,
11207,3.60E+10,2528.4,1232.5,1038.1,15.77%,,,,,,,,,,,,,,,,,
11207,3.60E+10,1777.1,1030.4,871.2,15.45%,,,,,,,,,,,,,,,,,
11207,3.60E+10,2339.5,1077.9,912.6,15.34%,,,,,,,,,,,,,,,,,
11207,3.60E+10,1886.6,883,751.7,14.87%,,,,,,,,,,,,,,,,,
11207,3.60E+10,6014.4,2064.7,1759,14.81%,,,,,,,,,,,,,,,,,
11207,3.60E+10,2036.7,1128.3,964.3,14.54%,,,,,,,,,,,,,,,,,
11207,3.60E+10,2882.7,1946.6,1668,14.31%,,,,,,,,,,,,,,,,,
11207,3.60E+10,2744.9,1702.2,1461.7,14.13%,,,,,,,,,,,,,,,,,
11207,3.60E+10,2149.1,1146.8,985,14.11%,,,,,,,,,,,,,,,,,
11207,3.60E+10,2335.1,1196,1027.8,14.06%,,,,,,,,,,,,,,,,,
11207,3.60E+10,2685.2,1626.7,1403.3,13.73%,,,,,,,,,,,,,,,,,
11207,3.60E+10,2502.2,1415.4,1223.5,13.56%,,,,,,,,,,,,,,,,,
11207,3.60E+10,3010.6,1403.7,1214.7,13.46%,,,,,,,,,,,,,,,,,
11207,3.60E+10,2628.7,1399.6,1212.8,13.35%,,,,,,,,,,,,,,,,,
11207,3.60E+10,3508.6,2002.7,1739.6,13.14%,,,,,,,,,,,,,,,,,
11207,3.60E+10,3663.5,1815.6,1579.9,12.98%,,,,,,,,,,,,,,,,,
11207,3.60E+10,4387.9,2365.7,2065.1,12.71%,,,,,,,,,,,,,,,,,
11207,3.60E+10,3373,1827.6,1596,12.67%,,,,,,,,,,,,,,,,,
11207,3.60E+10,1387.1,691.9,606.5,12.34%,,,,,,,,,,,,,,,,,
11207,3.60E+10,1634.3,1029,905.9,11.96%,,,,,,,,,,,,,,,,,
11207,3.60E+10,3076.8,1705.8,1504,11.83%,,,,,,,,,,,,,,,,,
11207,3.60E+10,1286.7,652.6,575.5,11.81%,,,,,,,,,,,,,,,,,
11207,3.60E+10,1811,889.6,786.8,11.56%,,,,,,,,,,,,,,,,,
11207,3.60E+10,1195,674,605.2,10.21%,,,,,,,,,,,,,,,,,
11207,3.60E+10,1435,915.8,834.9,8.83%,,,,,,,,,,,,,,,,,
11213,3.60E+10,3935.4,1962.8,1573.1,19.85%,,,,,,,,,,,,,,,,,
11213,3.60E+10,2631.7,1511.7,1240.8,17.92%,,,,,,,,,,,,,,,,,
11213,3.60E+10,4052.9,1757,1456,17.13%,,,,,,,,,,,,,,,,,
11213,3.60E+10,1687.4,868.8,725.5,16.49%,,,,,,,,,,,,,,,,,
11213,3.60E+10,1869.6,960.8,805.8,16.13%,,,,,,,,,,,,,,,,,
11213,3.60E+10,3560.9,1885.2,1597.4,15.27%,,,,,,,,,,,,,,,,,
11213,3.60E+10,3100.3,1768.1,1498.5,15.25%,,,,,,,,,,,,,,,,,
11213,3.60E+10,2581.9,1540.7,1306.9,15.17%,,,,,,,,,,,,,,,,,
11213,3.60E+10,4682.1,2599.8,2212.2,14.91%,,,,,,,,,,,,,,,,,
11213,3.60E+10,4009.2,1919,1646.6,14.19%,,,,,,,,,,,,,,,,,
11213,3.60E+10,3392.6,1903.8,1634.8,14.13%,,,,,,,,,,,,,,,,,
11213,3.60E+10,2325.5,1028.5,888.4,13.62%,,,,,,,,,,,,,,,,,
11213,3.60E+10,2219.4,1317.6,1154.4,12.39%,,,,,,,,,,,,,,,,,
11213,3.60E+10,2754.3,1558.4,1366.5,12.31%,,,,,,,,,,,,,,,,,
11213,3.60E+10,4372.4,2473.6,2176.6,12.01%,,,,,,,,,,,,,,,,,
11213,3.60E+10,4175.7,2307.4,2047.4,11.27%,,,,,,,,,,,,,,,,,
11213,3.60E+10,2846.4,1455.8,1295.9,10.98%,,,,,,,,,,,,,,,,,
11213,3.60E+10,3905.9,1978.4,1770.1,10.53%,,,,,,,,,,,,,,,,,
11213,3.60E+10,2629.7,1300.8,1169,10.13%,,,,,,,,,,,,,,,,,
11213,3.60E+10,3154.4,1519.4,1378.6,9.27%,,,,,,,,,,,,,,,,,
11213,3.60E+10,4339.3,2502.9,2285.8,8.67%,,,,,,,,,,,,,,,,,
11213,3.60E+10,3129.2,1772.2,1647.3,7.05%,,,,,,,,,,,,,,,,,
10039,3.61E+10,5871.3,2558.7,1901.6,25.68%,,,,,,,,,,,,,,,,,
10039,3.61E+10,5773.3,3089.8,2476.7,19.84%,,,,,,,,,,,,,,,,,
10039,3.61E+10,4507.1,3020.4,2443.7,19.09%,,,,,,,,,,,,,,,,,
10039,3.61E+10,7161.9,4318.2,3552.4,17.73%,,,,,,,,,,,,,,,,,
10039,3.61E+10,1606.2,1035.1,915.2,11.58%,,,,,,,,,,,,,,,,,
10039,3.61E+10,3234.3,2435.8,2190,10.09%,,,,,,,,,,,,,,,,,
10039,3.61E+10,6005.4,4268.4,3866.9,9.41%,,,,,,,,,,,,,,,,,
10039,3.61E+10,4711.6,3129.4,2841,9.22%,,,,,,,,,,,,,,,,,
11238,3.60E+10,4342.1,2638.3,2274.3,13.80%,,,,,,,,,,,,,,,,,
11238,3.60E+10,5300.4,2433.1,2110.4,13.26%,,,,,,,,,,,,,,,,,
11238,3.60E+10,2166.8,1428.4,1246.2,12.76%,,,,,,,,,,,,,,,,,
11238,3.60E+10,3745.9,2635.4,2338.2,11.28%,,,,,,,,,,,,,,,,,
11238,3.60E+10,3345.4,2282.5,2044.7,10.42%,,,,,,,,,,,,,,,,,
11238,3.60E+10,3876.3,1942,1755.2,9.62%,,,,,,,,,,,,,,,,,
11238,3.60E+10,3465.9,2068.1,1880.3,9.08%,,,,,,,,,,,,,,,,,
11238,3.60E+10,1601.5,1176.8,1070.6,9.02%,,,,,,,,,,,,,,,,,
11238,3.60E+10,3336.3,2226,2025.5,9.01%,,,,,,,,,,,,,,,,,
11238,3.60E+10,3276.7,2385.6,2174.4,8.85%,,,,,,,,,,,,,,,,,
11238,3.60E+10,3428.9,2482.9,2276.2,8.32%,,,,,,,,,,,,,,,,,
11238,3.60E+10,4970.5,3502.8,3231.2,7.75%,,,,,,,,,,,,,,,,,
11238,3.60E+10,3484.8,2848.8,2641.1,7.29%,,,,,,,,,,,,,,,,,
11238,3.60E+10,3262.7,2191.3,2034.9,7.14%,,,,,,,,,,,,,,,,,
11238,3.60E+10,3092,2440.8,2268.9,7.04%,,,,,,,,,,,,,,,,,
11238,3.60E+10,6134.6,4424.3,4114.5,7.00%,,,,,,,,,,,,,,,,,
11238,3.60E+10,2613.4,2105.4,1967.2,6.56%,,,,,,,,,,,,,,,,,
11238,3.60E+10,2874.4,2215.9,2072.5,6.47%,,,,,,,,,,,,,,,,,
11238,3.60E+10,3493.6,2515.2,2361.4,6.11%,,,,,,,,,,,,,,,,,
11238,3.60E+10,2872.6,1982.9,1869.3,5.73%,,,,,,,,,,,,,,,,,
11238,3.60E+10,4065.7,3044.8,2892.7,5.00%,,,,,,,,,,,,,,,,,
11238,3.60E+10,4607.8,3503.6,3364.4,3.97%,,,,,,,,,,,,,,,,,
11104,3.61E+10,3802,2624,2325.4,11.38%,,,,,,,,,,,,,,,,,
11104,3.61E+10,961.5,675.3,600.8,11.03%,,,,,,,,,,,,,,,,,
11104,3.61E+10,6753.9,4161.6,3773.8,9.32%,,,,,,,,,,,,,,,,,
11104,3.61E+10,3102.6,2040.9,1868.3,8.46%,,,,,,,,,,,,,,,,,
11104,3.61E+10,3003.6,1981.6,1819.3,8.19%,,,,,,,,,,,,,,,,,
11104,3.61E+10,5570.5,3571.2,3293.2,7.78%,,,,,,,,,,,,,,,,,
11104,3.61E+10,5349.6,3130.6,2899.7,7.38%,,,,,,,,,,,,,,,,,
11104,3.61E+10,2949.8,1987.3,1849,6.96%,,,,,,,,,,,,,,,,,
11104,3.61E+10,2697.8,1661,1545.5,6.95%,,,,,,,,,,,,,,,,,
11104,3.61E+10,3109.9,2166.2,2022.4,6.64%,,,,,,,,,,,,,,,,,
11104,3.61E+10,3261.3,2247,2101.7,6.47%,,,,,,,,,,,,,,,,,
11375,3.61E+10,4351.5,2112.1,1864.2,11.74%,,,,,,,,,,,,,,,,,
11375,3.61E+10,3398.7,1689.6,1505.6,10.89%,,,,,,,,,,,,,,,,,
11375,3.61E+10,1738.6,981.5,875.4,10.81%,,,,,,,,,,,,,,,,,
11375,3.61E+10,2505.7,1171.1,1056.1,9.82%,,,,,,,,,,,,,,,,,
11375,3.61E+10,3732.2,1806.3,1650.3,8.64%,,,,,,,,,,,,,,,,,
11375,3.61E+10,2227.1,1284.1,1176.8,8.36%,,,,,,,,,,,,,,,,,
11375,3.61E+10,5355.6,2693.3,2469.7,8.30%,,,,,,,,,,,,,,,,,
11375,3.61E+10,3046.4,1594.5,1466.8,8.01%,,,,,,,,,,,,,,,,,
11375,3.61E+10,1250.9,689,634.8,7.87%,,,,,,,,,,,,,,,,,
11375,3.61E+10,5579.3,3521.6,3244.7,7.86%,,,,,,,,,,,,,,,,,
11375,3.61E+10,1156.2,635.2,585.3,7.86%,,,,,,,,,,,,,,,,,
11375,3.61E+10,2210.4,1140,1055.5,7.41%,,,,,,,,,,,,,,,,,
11375,3.61E+10,2125.3,1060.2,984.4,7.15%,,,,,,,,,,,,,,,,,
11375,3.61E+10,1775.6,960.6,895.7,6.76%,,,,,,,,,,,,,,,,,
11375,3.61E+10,4627,2831.9,2644.1,6.63%,,,,,,,,,,,,,,,,,
11375,3.61E+10,5082.9,3119.1,2931.1,6.03%,,,,,,,,,,,,,,,,,
11375,3.61E+10,2726.9,1548,1454.6,6.03%,,,,,,,,,,,,,,,,,
11375,3.61E+10,1140.1,719.1,676.5,5.92%,,,,,,,,,,,,,,,,,
11375,3.61E+10,3795.4,2159.6,2040.6,5.51%,,,,,,,,,,,,,,,,,
11375,3.61E+10,1250.5,685.4,648.8,5.34%,,,,,,,,,,,,,,,,,
11375,3.61E+10,5424.1,3126.9,2960.1,5.33%,,,,,,,,,,,,,,,,,
11375,3.61E+10,4491.7,2748.5,2624.5,4.51%,,,,,,,,,,,,,,,,,
11375,3.61E+10,3435.5,2270.6,2169.3,4.46%,,,,,,,,,,,,,,,,,
11375,3.61E+10,4901.2,3157.1,3019.2,4.37%,,,,,,,,,,,,,,,,,
11375,3.61E+10,1717.2,1054.6,1012.3,4.01%,,,,,,,,,,,,,,,,,
11377,3.61E+10,49.9,44.4,10.6,76.13%,,,,,,,,,,,,,,,,,
11377,3.61E+10,3227.7,1184.4,1009.4,14.78%,,,,,,,,,,,,,,,,,
11377,3.61E+10,5830.3,2996.3,2598.7,13.27%,,,,,,,,,,,,,,,,,
11377,3.61E+10,3045.2,1588.3,1403.5,11.64%,,,,,,,,,,,,,,,,,
11377,3.61E+10,3802,2624,2325.4,11.38%,,,,,,,,,,,,,,,,,
11377,3.61E+10,3043.2,1655.2,1467.3,11.35%,,,,,,,,,,,,,,,,,
11377,3.61E+10,5411,2642.8,2353.7,10.94%,,,,,,,,,,,,,,,,,
11377,3.61E+10,4395.7,2220.2,1980.3,10.81%,,,,,,,,,,,,,,,,,
11377,3.61E+10,5351.8,2875.2,2570.7,10.59%,,,,,,,,,,,,,,,,,
11377,3.61E+10,1270,769.2,690.2,10.27%,,,,,,,,,,,,,,,,,
11377,3.61E+10,1768.6,974.9,875.1,10.24%,,,,,,,,,,,,,,,,,
11377,3.61E+10,3388.8,1959.8,1767.7,9.80%,,,,,,,,,,,,,,,,,
11377,3.61E+10,6753.9,4161.6,3773.8,9.32%,,,,,,,,,,,,,,,,,
11377,3.61E+10,1040,696,633.5,8.98%,,,,,,,,,,,,,,,,,
11377,3.61E+10,3350.3,1901.9,1731.7,8.95%,,,,,,,,,,,,,,,,,
11377,3.61E+10,2655,1511.4,1377.1,8.89%,,,,,,,,,,,,,,,,,
11377,3.61E+10,5798.5,2851.6,2598.6,8.87%,,,,,,,,,,,,,,,,,
11377,3.61E+10,3926.8,2232.1,2042.2,8.51%,,,,,,,,,,,,,,,,,
11377,3.61E+10,4922.9,2654.9,2432.2,8.39%,,,,,,,,,,,,,,,,,
11377,3.61E+10,1294.8,640.8,588,8.24%,,,,,,,,,,,,,,,,,
11377,3.61E+10,1560.8,840.4,772.3,8.10%,,,,,,,,,,,,,,,,,
11377,3.61E+10,1018.5,539.8,496.3,8.06%,,,,,,,,,,,,,,,,,
11377,3.61E+10,1343.2,805.2,741.2,7.95%,,,,,,,,,,,,,,,,,
11377,3.61E+10,3261.8,1835.8,1691.1,7.88%,,,,,,,,,,,,,,,,,
11377,3.61E+10,1796,1033.8,952.9,7.83%,,,,,,,,,,,,,,,,,
11377,3.61E+10,5570.5,3571.2,3293.2,7.78%,,,,,,,,,,,,,,,,,
11377,3.61E+10,5312.2,2942.8,2714.2,7.77%,,,,,,,,,,,,,,,,,
11377,3.61E+10,1177.2,591.2,546.6,7.54%,,,,,,,,,,,,,,,,,
11377,3.61E+10,5349.6,3130.6,2899.7,7.38%,,,,,,,,,,,,,,,,,
11377,3.61E+10,2648.6,1879,1744.7,7.15%,,,,,,,,,,,,,,,,,
11377,3.61E+10,2949.8,1987.3,1849,6.96%,,,,,,,,,,,,,,,,,
11377,3.61E+10,2771,1603.6,1492.2,6.95%,,,,,,,,,,,,,,,,,
11377,3.61E+10,2697.8,1661,1545.5,6.95%,,,,,,,,,,,,,,,,,
11377,3.61E+10,3109.9,2166.2,2022.4,6.64%,,,,,,,,,,,,,,,,,
11377,3.61E+10,4571.1,2392.6,2234.5,6.61%,,,,,,,,,,,,,,,,,
11230,3.60E+10,2176.2,1119.5,968.7,13.47%,,,,,,,,,,,,,,,,,
11230,3.60E+10,3141.2,1506.3,1309.5,13.07%,,,,,,,,,,,,,,,,,
11230,3.60E+10,1410.5,667.6,584.2,12.49%,,,,,,,,,,,,,,,,,
11230,3.60E+10,2321.8,1291.5,1132,12.35%,,,,,,,,,,,,,,,,,
11230,3.60E+10,2354,987.9,866.5,12.29%,,,,,,,,,,,,,,,,,
11230,3.60E+10,2787.6,1226.9,1089.5,11.20%,,,,,,,,,,,,,,,,,
11230,3.60E+10,4390.4,2136.4,1898,11.16%,,,,,,,,,,,,,,,,,
11230,3.60E+10,1727.5,910.8,812.1,10.84%,,,,,,,,,,,,,,,,,
11230,3.60E+10,2990.6,1500.8,1341.3,10.63%,,,,,,,,,,,,,,,,,
11230,3.60E+10,1191.9,512.7,459.6,10.36%,,,,,,,,,,,,,,,,,
11230,3.60E+10,2465.7,1302.3,1170,10.16%,,,,,,,,,,,,,,,,,
11230,3.60E+10,3367.6,1963.4,1767.4,9.98%,,,,,,,,,,,,,,,,,
11230,3.60E+10,3188.1,1482,1341.8,9.46%,,,,,,,,,,,,,,,,,
11230,3.60E+10,1998.2,960.5,870.6,9.36%,,,,,,,,,,,,,,,,,
11230,3.60E+10,1968.1,1167,1058.3,9.31%,,,,,,,,,,,,,,,,,
11230,3.60E+10,1921,800,725.5,9.31%,,,,,,,,,,,,,,,,,
11230,3.60E+10,2140.1,1005.1,915.4,8.92%,,,,,,,,,,,,,,,,,
11230,3.60E+10,2839.1,1270.3,1157.1,8.91%,,,,,,,,,,,,,,,,,
11230,3.60E+10,1608.1,715.1,652.8,8.71%,,,,,,,,,,,,,,,,,
11230,3.60E+10,3285.4,1670.4,1526.2,8.63%,,,,,,,,,,,,,,,,,
11230,3.60E+10,3127.5,1877.9,1720.6,8.38%,,,,,,,,,,,,,,,,,
11230,3.60E+10,3603.1,1656.3,1517.9,8.36%,,,,,,,,,,,,,,,,,
11230,3.60E+10,1512,699.1,640.7,8.35%,,,,,,,,,,,,,,,,,
11230,3.60E+10,1210,545.9,501.1,8.21%,,,,,,,,,,,,,,,,,
11230,3.60E+10,2919.3,1669.1,1535.4,8.01%,,,,,,,,,,,,,,,,,
11230,3.60E+10,3618.4,1774,1633.6,7.91%,,,,,,,,,,,,,,,,,
11230,3.60E+10,2014.5,1056.7,973.2,7.90%,,,,,,,,,,,,,,,,,
11230,3.60E+10,3951.2,2539.9,2342.2,7.78%,,,,,,,,,,,,,,,,,
11230,3.60E+10,1208.4,522.4,483.6,7.43%,,,,,,,,,,,,,,,,,
11230,3.60E+10,3593.3,1749.2,1621.4,7.31%,,,,,,,,,,,,,,,,,
11230,3.60E+10,2469.2,1351.4,1254.6,7.16%,,,,,,,,,,,,,,,,,
11230,3.60E+10,1422.6,661.5,617.5,6.65%,,,,,,,,,,,,,,,,,
11230,3.60E+10,1988.8,979.1,916.5,6.39%,,,,,,,,,,,,,,,,,
11230,3.60E+10,1536.3,758.1,709.8,6.37%,,,,,,,,,,,,,,,,,
11230,3.60E+10,2735,1415.8,1326.7,6.29%,,,,,,,,,,,,,,,,,
11230,3.60E+10,2408.8,1147.9,1077.2,6.16%,,,,,,,,,,,,,,,,,
11230,3.60E+10,1537.5,706.5,663.7,6.06%,,,,,,,,,,,,,,,,,
11230,3.60E+10,1762.6,901.5,854.2,5.25%,,,,,,,,,,,,,,,,,
11230,3.60E+10,349.9,155.2,149.1,3.93%,,,,,,,,,,,,,,,,,
11209,3.60E+10,4003.3,2251.8,1972.4,12.41%,,,,,,,,,,,,,,,,,
11209,3.60E+10,2407.2,1437.1,1272.1,11.48%,,,,,,,,,,,,,,,,,
11209,3.60E+10,2658.1,1608,1440,10.45%,,,,,,,,,,,,,,,,,
11209,3.60E+10,3949,2264.8,2038.3,10.00%,,,,,,,,,,,,,,,,,
11209,3.60E+10,1591.5,593.2,534.6,9.88%,,,,,,,,,,,,,,,,,
11209,3.60E+10,2739.5,1387.8,1251.5,9.82%,,,,,,,,,,,,,,,,,
11209,3.60E+10,3063,1923.9,1739.7,9.57%,,,,,,,,,,,,,,,,,
11209,3.60E+10,2013.1,1272.8,1158.7,8.96%,,,,,,,,,,,,,,,,,
11209,3.60E+10,2407.8,1507.1,1376.7,8.65%,,,,,,,,,,,,,,,,,
11209,3.60E+10,3481.6,2070.7,1893.2,8.57%,,,,,,,,,,,,,,,,,
11209,3.60E+10,2021.7,1020.3,933.6,8.50%,,,,,,,,,,,,,,,,,
11209,3.60E+10,2682.3,1470.5,1347.5,8.36%,,,,,,,,,,,,,,,,,
11209,3.60E+10,2292,1305,1197,8.28%,,,,,,,,,,,,,,,,,
11209,3.60E+10,3110.1,1947.2,1786.7,8.24%,,,,,,,,,,,,,,,,,
11209,3.60E+10,3411.3,2060.6,1904.6,7.57%,,,,,,,,,,,,,,,,,
11209,3.60E+10,1035.1,522.7,483.3,7.54%,,,,,,,,,,,,,,,,,
11209,3.60E+10,3362.5,1894.9,1756,7.33%,,,,,,,,,,,,,,,,,
11209,3.60E+10,1233,572,530.7,7.22%,,,,,,,,,,,,,,,,,
11209,3.60E+10,1430.7,868.8,806.5,7.17%,,,,,,,,,,,,,,,,,
11209,3.60E+10,2928.1,1637.4,1521.3,7.09%,,,,,,,,,,,,,,,,,
11209,3.60E+10,2151,1276.4,1193.3,6.51%,,,,,,,,,,,,,,,,,
11209,3.60E+10,2098.2,1137.9,1064.4,6.46%,,,,,,,,,,,,,,,,,
11209,3.60E+10,2113.4,1157.1,1084.8,6.25%,,,,,,,,,,,,,,,,,
11209,3.60E+10,1816.8,1186.5,1121.6,5.47%,,,,,,,,,,,,,,,,,
11209,3.60E+10,2610,1416.3,1341.9,5.25%,,,,,,,,,,,,,,,,,
11209,3.60E+10,744.4,542.5,519.7,4.20%,,,,,,,,,,,,,,,,,
11226,3.60E+10,4068.1,2278.5,1892.2,16.95%,,,,,,,,,,,,,,,,,
11226,3.60E+10,3527.3,2104.3,1760,16.36%,,,,,,,,,,,,,,,,,
11226,3.60E+10,3401.1,1898.5,1613.7,15.00%,,,,,,,,,,,,,,,,,
11226,3.60E+10,4284.7,2502.3,2139.6,14.49%,,,,,,,,,,,,,,,,,
11226,3.60E+10,6159,3267.6,2803,14.22%,,,,,,,,,,,,,,,,,
11226,3.60E+10,3592.6,1955.7,1680.7,14.06%,,,,,,,,,,,,,,,,,
11226,3.60E+10,2732.9,1589.2,1368.4,13.89%,,,,,,,,,,,,,,,,,
11226,3.60E+10,3909.7,2196.6,1900.7,13.47%,,,,,,,,,,,,,,,,,
11226,3.60E+10,3457.5,1958.5,1695,13.45%,,,,,,,,,,,,,,,,,
11226,3.60E+10,4675.5,2950.8,2570.2,12.90%,,,,,,,,,,,,,,,,,
11226,3.60E+10,3744.8,2138.6,1863.7,12.85%,,,,,,,,,,,,,,,,,
11226,3.60E+10,5037.6,3389.6,2955.5,12.81%,,,,,,,,,,,,,,,,,
11226,3.60E+10,4545.4,2278.8,1992.3,12.57%,,,,,,,,,,,,,,,,,
11226,3.60E+10,3230.1,1796.7,1574.8,12.35%,,,,,,,,,,,,,,,,,
11226,3.60E+10,2110.6,1324.4,1166.6,11.91%,,,,,,,,,,,,,,,,,
11226,3.60E+10,4297.4,2614.5,2303.4,11.90%,,,,,,,,,,,,,,,,,
11226,3.60E+10,4465.6,2678.9,2370.8,11.50%,,,,,,,,,,,,,,,,,
11226,3.60E+10,5835.9,3599,3186.6,11.46%,,,,,,,,,,,,,,,,,
11226,3.60E+10,5262.3,3479.5,3093.2,11.10%,,,,,,,,,,,,,,,,,
11226,3.60E+10,4006,1925,1713.3,11.00%,,,,,,,,,,,,,,,,,
11226,3.60E+10,4488.9,2365.4,2105.5,10.99%,,,,,,,,,,,,,,,,,
11226,3.60E+10,1395.3,639.7,569.8,10.93%,,,,,,,,,,,,,,,,,
11226,3.60E+10,2887,1482.9,1321.4,10.89%,,,,,,,,,,,,,,,,,
11226,3.60E+10,4218.9,2375.4,2131.3,10.28%,,,,,,,,,,,,,,,,,
11226,3.60E+10,3367.6,1963.4,1767.4,9.98%,,,,,,,,,,,,,,,,,
11226,3.60E+10,2956.6,1851.8,1672.6,9.68%,,,,,,,,,,,,,,,,,
11226,3.60E+10,5018.8,2673.3,2420.1,9.47%,,,,,,,,,,,,,,,,,
11226,3.60E+10,2919.3,1669.1,1535.4,8.01%,,,,,,,,,,,,,,,,,
10030,3.61E+10,5383.1,3240.5,2658.9,17.95%,,,,,,,,,,,,,,,,,
10030,3.61E+10,7161.9,4318.2,3552.4,17.73%,,,,,,,,,,,,,,,,,
10030,3.61E+10,7288.3,3980.3,3276,17.69%,,,,,,,,,,,,,,,,,
10030,3.61E+10,3634.6,2063.7,1837.2,10.98%,,,,,,,,,,,,,,,,,
10030,3.61E+10,2355.3,1640.2,1474.4,10.11%,,,,,,,,,,,,,,,,,
10030,3.61E+10,3234.3,2435.8,2190,10.09%,,,,,,,,,,,,,,,,,
10030,3.61E+10,4711.6,3129.4,2841,9.22%,,,,,,,,,,,,,,,,,
10030,3.61E+10,4174.7,2413.3,2202.6,8.73%,,,,,,,,,,,,,,,,,
10034,3.61E+10,16.8,2.1,1.7,19.05%,,,,,,,,,,,,,,,,,
10034,3.61E+10,3400.5,1384.8,1147,17.17%,,,,,,,,,,,,,,,,,
10034,3.61E+10,10405.7,6141.4,5245.3,14.59%,,,,,,,,,,,,,,,,,
10034,3.61E+10,7515.6,4249,3725.6,12.32%,,,,,,,,,,,,,,,,,
10034,3.61E+10,7514.8,5174,4559.1,11.88%,,,,,,,,,,,,,,,,,
10034,3.61E+10,3660.9,2474.3,2207.4,10.79%,,,,,,,,,,,,,,,,,
10034,3.61E+10,3996.5,2665.6,2387.5,10.43%,,,,,,,,,,,,,,,,,
10034,3.61E+10,3518.6,2260.5,2090.5,7.52%,,,,,,,,,,,,,,,,,
11205,3.60E+10,3666.9,1813.7,1400.6,22.78%,,,,,,,,,,,,,,,,,
11205,3.60E+10,3596.1,1717.9,1362.4,20.69%,,,,,,,,,,,,,,,,,
11205,3.60E+10,2899.3,1738.5,1495,14.01%,,,,,,,,,,,,,,,,,
11205,3.60E+10,4342.1,2638.3,2274.3,13.80%,,,,,,,,,,,,,,,,,
11205,3.60E+10,365.1,317.4,275.2,13.30%,,,,,,,,,,,,,,,,,
11205,3.60E+10,5300.4,2433.1,2110.4,13.26%,,,,,,,,,,,,,,,,,
11205,3.60E+10,1600.8,1016,896,11.81%,,,,,,,,,,,,,,,,,
11205,3.60E+10,3696.1,2426.9,2156.5,11.14%,,,,,,,,,,,,,,,,,
11205,3.60E+10,2908.2,1456.6,1298.9,10.83%,,,,,,,,,,,,,,,,,
11205,3.60E+10,2285.4,1522.6,1382.6,9.19%,,,,,,,,,,,,,,,,,
11205,3.60E+10,1368.5,953.4,866.3,9.14%,,,,,,,,,,,,,,,,,
11205,3.60E+10,2871.8,1891.4,1719,9.11%,,,,,,,,,,,,,,,,,
11205,3.60E+10,2383.8,1773,1630.1,8.06%,,,,,,,,,,,,,,,,,
11205,3.60E+10,3262.7,2191.3,2034.9,7.14%,,,,,,,,,,,,,,,,,
11205,3.60E+10,2739.5,1676.8,1557.1,7.14%,,,,,,,,,,,,,,,,,
11205,3.60E+10,1880.4,791.7,738.6,6.71%,,,,,,,,,,,,,,,,,
11205,3.60E+10,3605.4,2623.9,2452.1,6.55%,,,,,,,,,,,,,,,,,
11205,3.60E+10,2398.7,1999.3,1875.4,6.20%,,,,,,,,,,,,,,,,,
11205,3.60E+10,3493.6,2515.2,2361.4,6.11%,,,,,,,,,,,,,,,,,
11205,3.60E+10,4096.6,2247.6,2116.2,5.85%,,,,,,,,,,,,,,,,,
11216,3.60E+10,2989.7,1625.3,1390.2,14.47%,,,,,,,,,,,,,,,,,
11216,3.60E+10,2899.3,1738.5,1495,14.01%,,,,,,,,,,,,,,,,,
11216,3.60E+10,3879.8,2717.7,2342.2,13.82%,,,,,,,,,,,,,,,,,
11216,3.60E+10,4342.1,2638.3,2274.3,13.80%,,,,,,,,,,,,,,,,,
11216,3.60E+10,3865.6,2454.2,2119.4,13.64%,,,,,,,,,,,,,,,,,
11216,3.60E+10,3725.7,2301.6,1989.2,13.57%,,,,,,,,,,,,,,,,,
11216,3.60E+10,3434.8,2148.7,1859.9,13.44%,,,,,,,,,,,,,,,,,
11216,3.60E+10,1623.8,1003.6,869.3,13.38%,,,,,,,,,,,,,,,,,
11216,3.60E+10,2166.8,1428.4,1246.2,12.76%,,,,,,,,,,,,,,,,,
11216,3.60E+10,2219.4,1317.6,1154.4,12.39%,,,,,,,,,,,,,,,,,
11216,3.60E+10,2690.2,1758.3,1556.3,11.49%,,,,,,,,,,,,,,,,,
11216,3.60E+10,4717,2950.9,2615.3,11.37%,,,,,,,,,,,,,,,,,
11216,3.60E+10,3983.3,2869.5,2543.8,11.35%,,,,,,,,,,,,,,,,,
11216,3.60E+10,3745.9,2635.4,2338.2,11.28%,,,,,,,,,,,,,,,,,
11216,3.60E+10,3696.1,2426.9,2156.5,11.14%,,,,,,,,,,,,,,,,,
11216,3.60E+10,4228.3,2754.7,2452.1,10.98%,,,,,,,,,,,,,,,,,
11216,3.60E+10,2846.4,1455.8,1295.9,10.98%,,,,,,,,,,,,,,,,,
11216,3.60E+10,2468.2,1395.5,1246.6,10.67%,,,,,,,,,,,,,,,,,
11216,3.60E+10,3905.9,1978.4,1770.1,10.53%,,,,,,,,,,,,,,,,,
11216,3.60E+10,3238.3,2211,1978.2,10.53%,,,,,,,,,,,,,,,,,
11216,3.60E+10,2629.7,1300.8,1169,10.13%,,,,,,,,,,,,,,,,,
11216,3.60E+10,2994.7,2091.6,1884.1,9.92%,,,,,,,,,,,,,,,,,
11216,3.60E+10,3465.9,2068.1,1880.3,9.08%,,,,,,,,,,,,,,,,,
11216,3.60E+10,3276.7,2385.6,2174.4,8.85%,,,,,,,,,,,,,,,,,
11216,3.60E+10,4339.3,2502.9,2285.8,8.67%,,,,,,,,,,,,,,,,,
11216,3.60E+10,3428.9,2482.9,2276.2,8.32%,,,,,,,,,,,,,,,,,
11216,3.60E+10,3129.2,1772.2,1647.3,7.05%,,,,,,,,,,,,,,,,,
10033,3.61E+10,10852.3,6239.2,5069,18.76%,,,,,,,,,,,,,,,,,
10033,3.61E+10,8661.5,5372,4528,15.71%,,,,,,,,,,,,,,,,,
10033,3.61E+10,7859.1,4341.7,3672.9,15.40%,,,,,,,,,,,,,,,,,
10033,3.61E+10,8165.7,4947.2,4197.5,15.15%,,,,,,,,,,,,,,,,,
10033,3.61E+10,10148.1,6008.7,5113.4,14.90%,,,,,,,,,,,,,,,,,
10033,3.61E+10,7729.4,4881.7,4309,11.73%,,,,,,,,,,,,,,,,,
10033,3.61E+10,5928.1,3275.2,2897.6,11.53%,,,,,,,,,,,,,,,,,
10033,3.61E+10,1759.2,917.4,818.3,10.80%,,,,,,,,,,,,,,,,,
10033,3.61E+10,3014.3,1874,1693.8,9.62%,,,,,,,,,,,,,,,,,
10033,3.61E+10,6170,4376.9,4074.6,6.91%,,,,,,,,,,,,,,,,,
11221,3.60E+10,2980.8,1740.3,1394.2,19.89%,,,,,,,,,,,,,,,,,
11221,3.60E+10,3513.8,1975.7,1586.3,19.71%,,,,,,,,,,,,,,,,,
11221,3.60E+10,2864.2,1717.2,1388.2,19.16%,,,,,,,,,,,,,,,,,
11221,3.60E+10,3258.3,2015,1629.4,19.14%,,,,,,,,,,,,,,,,,
11221,3.60E+10,3225.3,1791.4,1450.2,19.05%,,,,,,,,,,,,,,,,,
11221,3.60E+10,3244.8,2175.8,1772,18.56%,,,,,,,,,,,,,,,,,
11221,3.60E+10,3329.6,2005.7,1650.2,17.72%,,,,,,,,,,,,,,,,,
11221,3.60E+10,2815.6,1690.7,1393.1,17.60%,,,,,,,,,,,,,,,,,
11221,3.60E+10,4857.1,3332.8,2749.9,17.49%,,,,,,,,,,,,,,,,,
11221,3.60E+10,2437.4,1651.3,1362.7,17.48%,,,,,,,,,,,,,,,,,
11221,3.60E+10,4168,2695,2229.6,17.27%,,,,,,,,,,,,,,,,,
11221,3.60E+10,3901.4,2169,1806.4,16.72%,,,,,,,,,,,,,,,,,
11221,3.60E+10,3148.4,1703.4,1419.2,16.68%,,,,,,,,,,,,,,,,,
11221,3.60E+10,3633,2440.7,2055.5,15.78%,,,,,,,,,,,,,,,,,
11221,3.60E+10,2819.1,1670,1407.1,15.74%,,,,,,,,,,,,,,,,,
11221,3.60E+10,3419.4,2196.7,1860.7,15.30%,,,,,,,,,,,,,,,,,
11221,3.60E+10,2683.1,1327.2,1124.9,15.24%,,,,,,,,,,,,,,,,,
11221,3.60E+10,2723.9,1632.7,1387.2,15.04%,,,,,,,,,,,,,,,,,
11221,3.60E+10,2819.2,1273,1087.7,14.56%,,,,,,,,,,,,,,,,,
11221,3.60E+10,3231.1,2238,1914.8,14.44%,,,,,,,,,,,,,,,,,
11221,3.60E+10,3361.6,1954.2,1674.1,14.33%,,,,,,,,,,,,,,,,,
11221,3.60E+10,2744.9,1702.2,1461.7,14.13%,,,,,,,,,,,,,,,,,
11221,3.60E+10,3865.6,2454.2,2119.4,13.64%,,,,,,,,,,,,,,,,,
11221,3.60E+10,3725.7,2301.6,1989.2,13.57%,,,,,,,,,,,,,,,,,
11221,3.60E+10,3434.8,2148.7,1859.9,13.44%,,,,,,,,,,,,,,,,,
11221,3.60E+10,1623.8,1003.6,869.3,13.38%,,,,,,,,,,,,,,,,,
11221,3.60E+10,3176.4,1853.1,1609.5,13.15%,,,,,,,,,,,,,,,,,
11221,3.60E+10,3508.6,2002.7,1739.6,13.14%,,,,,,,,,,,,,,,,,
11221,3.60E+10,2595.2,1754,1535.9,12.43%,,,,,,,,,,,,,,,,,
11221,3.60E+10,3472.2,2051.1,1798.6,12.31%,,,,,,,,,,,,,,,,,
11221,3.60E+10,3076.8,1705.8,1504,11.83%,,,,,,,,,,,,,,,,,
11221,3.60E+10,4228.3,2754.7,2452.1,10.98%,,,,,,,,,,,,,,,,,
11221,3.60E+10,3969.5,2769.2,2476.7,10.56%,,,,,,,,,,,,,,,,,
11221,3.60E+10,3887.1,2516.4,2290.1,8.99%,,,,,,,,,,,,,,,,,
11221,3.60E+10,3793.8,2242.8,2042.1,8.95%,,,,,,,,,,,,,,,,,
11101,3.61E+10,5788.1,2543.4,2026.6,20.32%,,,,,,,,,,,,,,,,,
11101,3.61E+10,2025,1146.9,940.7,17.98%,,,,,,,,,,,,,,,,,
11101,3.61E+10,1684.2,1128.4,925.6,17.97%,,,,,,,,,,,,,,,,,
11101,3.61E+10,1146.7,699.9,593.9,15.15%,,,,,,,,,,,,,,,,,
11101,3.61E+10,3227.7,1184.4,1009.4,14.78%,,,,,,,,,,,,,,,,,
11101,3.61E+10,697.5,391.9,335,14.52%,,,,,,,,,,,,,,,,,
11101,3.61E+10,740.2,433.9,377.8,12.93%,,,,,,,,,,,,,,,,,
11101,3.61E+10,1994.5,1221.9,1068.2,12.58%,,,,,,,,,,,,,,,,,
11101,3.61E+10,4006.7,2955.7,2595.7,12.18%,,,,,,,,,,,,,,,,,
11101,3.61E+10,2829.8,1973.9,1734.5,12.13%,,,,,,,,,,,,,,,,,
11101,3.61E+10,794.6,505.9,445.8,11.88%,,,,,,,,,,,,,,,,,
11101,3.61E+10,961.5,675.3,600.8,11.03%,,,,,,,,,,,,,,,,,
11101,3.61E+10,945.3,635,565,11.02%,,,,,,,,,,,,,,,,,
11101,3.61E+10,1209.6,816.5,735.7,9.90%,,,,,,,,,,,,,,,,,
11101,3.61E+10,3833.7,2698.4,2464.6,8.66%,,,,,,,,,,,,,,,,,
11101,3.61E+10,3003.6,1981.6,1819.3,8.19%,,,,,,,,,,,,,,,,,
11101,3.61E+10,3231.2,2190.1,2034.9,7.09%,,,,,,,,,,,,,,,,,
11101,3.61E+10,2697.8,1661,1545.5,6.95%,,,,,,,,,,,,,,,,,
11101,3.61E+10,5241.8,4351.6,4108.6,5.58%,,,,,,,,,,,,,,,,,
11101,3.61E+10,2998.9,2506.6,2371.2,5.40%,,,,,,,,,,,,,,,,,
11101,3.61E+10,7342.8,6029.7,5775.8,4.21%,,,,,,,,,,,,,,,,,
10032,3.61E+10,10852.3,6239.2,5069,18.76%,,,,,,,,,,,,,,,,,
10032,3.61E+10,2901.2,1662.1,1356.4,18.39%,,,,,,,,,,,,,,,,,
10032,3.61E+10,2361,1131.1,958.2,15.29%,,,,,,,,,,,,,,,,,
10032,3.61E+10,8165.7,4947.2,4197.5,15.15%,,,,,,,,,,,,,,,,,
10032,3.61E+10,11837.8,7168.6,6133.7,14.44%,,,,,,,,,,,,,,,,,
10032,3.61E+10,13559.6,8203.1,7054.4,14.00%,,,,,,,,,,,,,,,,,
10032,3.61E+10,4227,2524.7,2183,13.53%,,,,,,,,,,,,,,,,,
10032,3.61E+10,5618.3,3788.3,3322,12.31%,,,,,,,,,,,,,,,,,
10032,3.61E+10,8041.5,4492.5,3963.7,11.77%,,,,,,,,,,,,,,,,,
10032,3.61E+10,5928.1,3275.2,2897.6,11.53%,,,,,,,,,,,,,,,,,
10032,3.61E+10,1014.2,588.3,521.1,11.42%,,,,,,,,,,,,,,,,,
10032,3.61E+10,7183.8,4132.7,3684.6,10.84%,,,,,,,,,,,,,,,,,
10032,3.61E+10,6352.3,3928.8,3509.6,10.67%,,,,,,,,,,,,,,,,,
10037,3.61E+10,5383.1,3240.5,2658.9,17.95%,,,,,,,,,,,,,,,,,
10037,3.61E+10,7161.9,4318.2,3552.4,17.73%,,,,,,,,,,,,,,,,,
10037,3.61E+10,7288.3,3980.3,3276,17.69%,,,,,,,,,,,,,,,,,
10037,3.61E+10,5924.7,2732.3,2345.8,14.15%,,,,,,,,,,,,,,,,,
10037,3.61E+10,3999.9,2151.7,1850.1,14.02%,,,,,,,,,,,,,,,,,
10037,3.61E+10,3425.9,2075.4,1802.2,13.16%,,,,,,,,,,,,,,,,,
10037,3.61E+10,3441,1659.8,1449.8,12.65%,,,,,,,,,,,,,,,,,
10037,3.61E+10,3014.8,1569.2,1381.8,11.94%,,,,,,,,,,,,,,,,,
10037,3.61E+10,4685.3,3016.6,2711.1,10.13%,,,,,,,,,,,,,,,,,
10037,3.61E+10,4174.7,2413.3,2202.6,8.73%,,,,,,,,,,,,,,,,,
10035,3.61E+10,1735.6,518.8,359.5,30.71%,,,,,,,,,,,,,,,,,
10035,3.61E+10,3091.3,1223.7,1008.4,17.59%,,,,,,,,,,,,,,,,,
10035,3.61E+10,6327.1,2759.7,2317.8,16.01%,,,,,,,,,,,,,,,,,
10035,3.61E+10,7064.5,3353.6,2824.9,15.77%,,,,,,,,,,,,,,,,,
10035,3.61E+10,3417.4,1299.8,1112.4,14.42%,,,,,,,,,,,,,,,,,
10035,3.61E+10,5108.4,2048.1,1763.9,13.88%,,,,,,,,,,,,,,,,,
10035,3.61E+10,4656.9,2707.1,2350.7,13.17%,,,,,,,,,,,,,,,,,
10035,3.61E+10,3441,1659.8,1449.8,12.65%,,,,,,,,,,,,,,,,,
10035,3.61E+10,3014.8,1569.2,1381.8,11.94%,,,,,,,,,,,,,,,,,
10035,3.61E+10,4685.3,3016.6,2711.1,10.13%,,,,,,,,,,,,,,,,,
10035,3.61E+10,3347.1,2028.4,1833.2,9.62%,,,,,,,,,,,,,,,,,
10035,3.61E+10,2508.8,1418,1291.9,8.89%,,,,,,,,,,,,,,,,,
10035,3.61E+10,2960.7,1862.2,1720.2,7.63%,,,,,,,,,,,,,,,,,
10035,3.61E+10,3288,2159.2,2024.5,6.24%,,,,,,,,,,,,,,,,,
11358,3.61E+10,4510.3,2203.2,1939.8,11.96%,,,,,,,,,,,,,,,,,
11358,3.61E+10,1851.9,934.2,829.5,11.21%,,,,,,,,,,,,,,,,,
11358,3.61E+10,1501.1,696.7,620.9,10.88%,,,,,,,,,,,,,,,,,
11358,3.61E+10,1253.7,592.3,528.3,10.81%,,,,,,,,,,,,,,,,,
11358,3.61E+10,1483.2,512.5,458.9,10.46%,,,,,,,,,,,,,,,,,
11358,3.61E+10,1627.2,709.5,637.2,10.19%,,,,,,,,,,,,,,,,,
11358,3.61E+10,1775.8,887.6,798.6,10.03%,,,,,,,,,,,,,,,,,
11358,3.61E+10,2843.9,1266.6,1145.3,9.58%,,,,,,,,,,,,,,,,,
11358,3.61E+10,2904.4,1366.5,1236.1,9.54%,,,,,,,,,,,,,,,,,
11358,3.61E+10,2696,1507,1368,9.22%,,,,,,,,,,,,,,,,,
11358,3.61E+10,1505.2,754.4,685.1,9.19%,,,,,,,,,,,,,,,,,
11358,3.61E+10,3135,1632.1,1482.9,9.14%,,,,,,,,,,,,,,,,,
11358,3.61E+10,2206.3,1036.6,941.9,9.14%,,,,,,,,,,,,,,,,,
11358,3.61E+10,1449.5,810,740.5,8.58%,,,,,,,,,,,,,,,,,
11358,3.61E+10,2686.8,1327.4,1215.6,8.42%,,,,,,,,,,,,,,,,,
11358,3.61E+10,1512.2,760.1,697.3,8.26%,,,,,,,,,,,,,,,,,
11358,3.61E+10,2219.6,1088.2,999.2,8.18%,,,,,,,,,,,,,,,,,
11358,3.61E+10,2579.9,1270.9,1168.6,8.05%,,,,,,,,,,,,,,,,,
11358,3.61E+10,4330.9,2028.4,1866.2,8.00%,,,,,,,,,,,,,,,,,
11358,3.61E+10,5048.6,2358.8,2171.3,7.95%,,,,,,,,,,,,,,,,,
11358,3.61E+10,1011.8,547.6,504.6,7.85%,,,,,,,,,,,,,,,,,
11358,3.61E+10,1968.7,886.9,818.6,7.70%,,,,,,,,,,,,,,,,,
11358,3.61E+10,3174,1338.4,1239.1,7.42%,,,,,,,,,,,,,,,,,
11358,3.61E+10,2760.2,1307,1212.5,7.23%,,,,,,,,,,,,,,,,,
11358,3.61E+10,966.2,414.7,390.3,5.88%,,,,,,,,,,,,,,,,,
10031,3.61E+10,4758.3,2116.3,1801.5,14.88%,,,,,,,,,,,,,,,,,
10031,3.61E+10,9310.3,5478.5,4753.6,13.23%,,,,,,,,,,,,,,,,,
10031,3.61E+10,7960.6,4817.3,4213.1,12.54%,,,,,,,,,,,,,,,,,
10031,3.61E+10,5618.3,3788.3,3322,12.31%,,,,,,,,,,,,,,,,,
10031,3.61E+10,2997.1,1391.4,1220.7,12.27%,,,,,,,,,,,,,,,,,
10031,3.61E+10,8041.5,4492.5,3963.7,11.77%,,,,,,,,,,,,,,,,,
10031,3.61E+10,7351.3,4507.1,3998.3,11.29%,,,,,,,,,,,,,,,,,
10031,3.61E+10,6352.3,3928.8,3509.6,10.67%,,,,,,,,,,,,,,,,,
10031,3.61E+10,6005.4,4268.4,3866.9,9.41%,,,,,,,,,,,,,,,,,
10031,3.61E+10,4711.6,3129.4,2841,9.22%,,,,,,,,,,,,,,,,,
10031,3.61E+10,6127.9,4187.5,3830.9,8.52%,,,,,,,,,,,,,,,,,
10031,3.61E+10,8,5.3,5.2,1.89%,,,,,,,,,,,,,,,,,
11231,3.60E+10,5681.4,2293.6,1699.2,25.92%,,,,,,,,,,,,,,,,,
11231,3.60E+10,1877.7,1336.9,1229.9,8.00%,,,,,,,,,,,,,,,,,
11231,3.60E+10,1174.2,859.3,791.5,7.89%,,,,,,,,,,,,,,,,,
11231,3.60E+10,1443.1,1150,1062.4,7.62%,,,,,,,,,,,,,,,,,
11231,3.60E+10,4165.3,3062.7,2871,6.26%,,,,,,,,,,,,,,,,,
11231,3.60E+10,3256.5,2501.1,2361,5.60%,,,,,,,,,,,,,,,,,
11231,3.60E+10,2426.3,1561.6,1482.2,5.08%,,,,,,,,,,,,,,,,,
11231,3.60E+10,3220.7,2464.4,2341.4,4.99%,,,,,,,,,,,,,,,,,
11231,3.60E+10,4110,3192.2,3033.6,4.97%,,,,,,,,,,,,,,,,,
11231,3.60E+10,1652.7,1203.1,1144.5,4.87%,,,,,,,,,,,,,,,,,
11231,3.60E+10,2174.8,1763.2,1679.7,4.74%,,,,,,,,,,,,,,,,,
11231,3.60E+10,2966,2208,2107.6,4.55%,,,,,,,,,,,,,,,,,
11231,3.60E+10,4787.9,3739.1,3571.3,4.49%,,,,,,,,,,,,,,,,,
11354,3.61E+10,6256.7,2757.7,2437.8,11.60%,,,,,,,,,,,,,,,,,
11354,3.61E+10,4338.3,1406.1,1245.7,11.41%,,,,,,,,,,,,,,,,,
11354,3.61E+10,5010.3,2298.4,2044.6,11.04%,,,,,,,,,,,,,,,,,
11354,3.61E+10,5807.9,2473.1,2204.2,10.87%,,,,,,,,,,,,,,,,,
11354,3.61E+10,4408.5,1968.3,1756.7,10.75%,,,,,,,,,,,,,,,,,
11354,3.61E+10,1627.2,709.5,637.2,10.19%,,,,,,,,,,,,,,,,,
11354,3.61E+10,1108.3,488.7,438.9,10.19%,,,,,,,,,,,,,,,,,
11354,3.61E+10,8602.7,3329.7,3000.4,9.89%,,,,,,,,,,,,,,,,,
11354,3.61E+10,3098.8,1195.5,1082,9.49%,,,,,,,,,,,,,,,,,
11354,3.61E+10,6344.4,3022,2736.5,9.45%,,,,,,,,,,,,,,,,,
11354,3.61E+10,3712.4,1576.6,1428.7,9.38%,,,,,,,,,,,,,,,,,
11354,3.61E+10,2241.9,1051.2,953.5,9.29%,,,,,,,,,,,,,,,,,
11354,3.61E+10,6107.5,2877.2,2615.1,9.11%,,,,,,,,,,,,,,,,,
11354,3.61E+10,1783.7,741,673.7,9.08%,,,,,,,,,,,,,,,,,
11354,3.61E+10,4949.4,1959.4,1786.4,8.83%,,,,,,,,,,,,,,,,,
11354,3.61E+10,1854.5,876.5,802.4,8.45%,,,,,,,,,,,,,,,,,
11354,3.61E+10,8975,4306.2,3943,8.43%,,,,,,,,,,,,,,,,,
11354,3.61E+10,2219.6,1088.2,999.2,8.18%,,,,,,,,,,,,,,,,,
11354,3.61E+10,3174,1338.4,1239.1,7.42%,,,,,,,,,,,,,,,,,
11354,3.61E+10,966.2,414.7,390.3,5.88%,,,,,,,,,,,,,,,,,
11218,3.60E+10,4465.6,2678.9,2370.8,11.50%,,,,,,,,,,,,,,,,,
11218,3.60E+10,2787.6,1226.9,1089.5,11.20%,,,,,,,,,,,,,,,,,
11218,3.60E+10,2961.4,1260.3,1119.3,11.19%,,,,,,,,,,,,,,,,,
11218,3.60E+10,4390.4,2136.4,1898,11.16%,,,,,,,,,,,,,,,,,
11218,3.60E+10,4579.6,2366.7,2116.3,10.58%,,,,,,,,,,,,,,,,,
11218,3.60E+10,1737.5,877.5,785.2,10.52%,,,,,,,,,,,,,,,,,
11218,3.60E+10,3128.2,1564.4,1405.3,10.17%,,,,,,,,,,,,,,,,,
11218,3.60E+10,2458,1257.8,1130.4,10.13%,,,,,,,,,,,,,,,,,
11218,3.60E+10,3367.6,1963.4,1767.4,9.98%,,,,,,,,,,,,,,,,,
11218,3.60E+10,2956.6,1851.8,1672.6,9.68%,,,,,,,,,,,,,,,,,
11218,3.60E+10,4206.6,2418.3,2185.9,9.61%,,,,,,,,,,,,,,,,,
11218,3.60E+10,2506,1278,1156.8,9.48%,,,,,,,,,,,,,,,,,
11218,3.60E+10,3377.8,1920,1746.5,9.04%,,,,,,,,,,,,,,,,,
11218,3.60E+10,1402.7,881.4,802.4,8.96%,,,,,,,,,,,,,,,,,
11218,3.60E+10,2414,1126.3,1036.5,7.97%,,,,,,,,,,,,,,,,,
11218,3.60E+10,3564.8,2215.7,2040.6,7.90%,,,,,,,,,,,,,,,,,
11218,3.60E+10,3815.6,1930.4,1779.1,7.84%,,,,,,,,,,,,,,,,,
11218,3.60E+10,3951.2,2539.9,2342.2,7.78%,,,,,,,,,,,,,,,,,
11218,3.60E+10,2221.7,1191.8,1101.5,7.58%,,,,,,,,,,,,,,,,,
11218,3.60E+10,3258.5,1506.1,1395.6,7.34%,,,,,,,,,,,,,,,,,
11218,3.60E+10,3383.2,1911.6,1774.3,7.18%,,,,,,,,,,,,,,,,,
11218,3.60E+10,3793.4,2459.1,2292.9,6.76%,,,,,,,,,,,,,,,,,
11218,3.60E+10,2972.9,1838,1738.4,5.42%,,,,,,,,,,,,,,,,,
11218,3.60E+10,2263.8,1721.1,1631,5.24%,,,,,,,,,,,,,,,,,
11218,3.60E+10,3330.4,2370.5,2263.5,4.51%,,,,,,,,,,,,,,,,,
11218,3.60E+10,1968.3,1332.5,1281.4,3.83%,,,,,,,,,,,,,,,,,
11249,3.60E+10,365.1,317.4,275.2,13.30%,,,,,,,,,,,,,,,,,
11249,3.60E+10,5268.5,1874.5,1653.5,11.79%,,,,,,,,,,,,,,,,,
11249,3.60E+10,4733.9,3332.7,2976.9,10.68%,,,,,,,,,,,,,,,,,
11249,3.60E+10,3203.4,2422.3,2221.2,8.30%,,,,,,,,,,,,,,,,,
11249,3.60E+10,1639.3,582.4,535.7,8.02%,,,,,,,,,,,,,,,,,
11249,3.60E+10,3561.7,2061.3,1904.1,7.63%,,,,,,,,,,,,,,,,,
11249,3.60E+10,1840.6,1407.1,1310,6.90%,,,,,,,,,,,,,,,,,
11249,3.60E+10,1880.4,791.7,738.6,6.71%,,,,,,,,,,,,,,,,,
11249,3.60E+10,5929.7,4939.9,4627.3,6.33%,,,,,,,,,,,,,,,,,
11249,3.60E+10,2756.1,2185.9,2066,5.49%,,,,,,,,,,,,,,,,,
11249,3.60E+10,1446,1126.9,1074.7,4.63%,,,,,,,,,,,,,,,,,
11249,3.60E+10,3151,2313.7,2208.1,4.56%,,,,,,,,,,,,,,,,,
11249,3.60E+10,2276,1934.9,1866.5,3.54%,,,,,,,,,,,,,,,,,
11201,3.60E+10,3349.4,1475.9,1075.5,27.13%,,,,,,,,,,,,,,,,,
11201,3.60E+10,3596.1,1717.9,1362.4,20.69%,,,,,,,,,,,,,,,,,
11201,3.60E+10,365.1,317.4,275.2,13.30%,,,,,,,,,,,,,,,,,
11201,3.60E+10,7041.5,5000.7,4391.6,12.18%,,,,,,,,,,,,,,,,,
11201,3.60E+10,2908.2,1456.6,1298.9,10.83%,,,,,,,,,,,,,,,,,
11201,3.60E+10,4111.1,2421,2234.1,7.72%,,,,,,,,,,,,,,,,,
11201,3.60E+10,1443.1,1150,1062.4,7.62%,,,,,,,,,,,,,,,,,
11201,3.60E+10,2414.9,1636.6,1537.7,6.04%,,,,,,,,,,,,,,,,,
11201,3.60E+10,3065.4,2524.2,2373.3,5.98%,,,,,,,,,,,,,,,,,
11201,3.60E+10,4046.7,3320.8,3129,5.78%,,,,,,,,,,,,,,,,,
11201,3.60E+10,3095.6,2176.9,2053.7,5.66%,,,,,,,,,,,,,,,,,
11201,3.60E+10,2076.9,1161.8,1096,5.66%,,,,,,,,,,,,,,,,,
11201,3.60E+10,1264.2,1153.7,1089.6,5.56%,,,,,,,,,,,,,,,,,
11201,3.60E+10,3380.8,2679.4,2539.2,5.23%,,,,,,,,,,,,,,,,,
11201,3.60E+10,2426.3,1561.6,1482.2,5.08%,,,,,,,,,,,,,,,,,
11201,3.60E+10,3220.7,2464.4,2341.4,4.99%,,,,,,,,,,,,,,,,,
11201,3.60E+10,1492.7,1261.8,1199.6,4.93%,,,,,,,,,,,,,,,,,
11201,3.60E+10,4073.6,3238.1,3090,4.57%,,,,,,,,,,,,,,,,,
11201,3.60E+10,2966,2208,2107.6,4.55%,,,,,,,,,,,,,,,,,
11201,3.60E+10,4087.3,2392.8,2285.5,4.48%,,,,,,,,,,,,,,,,,
11201,3.60E+10,3224.9,2511.6,2402.8,4.33%,,,,,,,,,,,,,,,,,
11201,3.60E+10,3677.7,2415.4,2322.9,3.83%,,,,,,,,,,,,,,,,,
11222,3.60E+10,2469,1338.8,1147.6,14.28%,,,,,,,,,,,,,,,,,
11222,3.60E+10,1979.3,1387.8,1253.3,9.69%,,,,,,,,,,,,,,,,,
11222,3.60E+10,4625.9,3062.4,2795.4,8.72%,,,,,,,,,,,,,,,,,
11222,3.60E+10,1643.4,1359.5,1246.8,8.29%,,,,,,,,,,,,,,,,,
11222,3.60E+10,1538.9,1019.9,946.6,7.19%,,,,,,,,,,,,,,,,,
11222,3.60E+10,2263.3,1711.6,1596.4,6.73%,,,,,,,,,,,,,,,,,
11222,3.60E+10,1033.3,732.9,683.8,6.70%,,,,,,,,,,,,,,,,,
11222,3.60E+10,3810,2929.7,2740.1,6.47%,,,,,,,,,,,,,,,,,
11222,3.60E+10,2768.8,2214.8,2081.9,6.00%,,,,,,,,,,,,,,,,,
11222,3.60E+10,3494.1,2548.8,2400.4,5.82%,,,,,,,,,,,,,,,,,
11222,3.60E+10,2788.2,2002.8,1886.8,5.79%,,,,,,,,,,,,,,,,,
11222,3.60E+10,3690.6,2555.1,2412.7,5.57%,,,,,,,,,,,,,,,,,
11222,3.60E+10,1446,1126.9,1074.7,4.63%,,,,,,,,,,,,,,,,,
11222,3.60E+10,3151,2313.7,2208.1,4.56%,,,,,,,,,,,,,,,,,
11222,3.60E+10,3414.3,2834.4,2712.2,4.31%,,,,,,,,,,,,,,,,,
11222,3.60E+10,1994.3,1767.6,1705.3,3.52%,,,,,,,,,,,,,,,,,
11232,3.60E+10,1105.6,642.3,553.3,13.86%,,,,,,,,,,,,,,,,,
11232,3.60E+10,3242.6,2020.7,1741.9,13.80%,,,,,,,,,,,,,,,,,
11232,3.60E+10,2247,1309.1,1128.4,13.80%,,,,,,,,,,,,,,,,,
11232,3.60E+10,4467.4,2390.4,2075.5,13.17%,,,,,,,,,,,,,,,,,
11232,3.60E+10,1857.5,537.6,468,12.95%,,,,,,,,,,,,,,,,,
11232,3.60E+10,976,526.5,463.7,11.93%,,,,,,,,,,,,,,,,,
11232,3.60E+10,4460.2,2095.5,1861.1,11.19%,,,,,,,,,,,,,,,,,
11232,3.60E+10,1737.5,877.5,785.2,10.52%,,,,,,,,,,,,,,,,,
11232,3.60E+10,3091.3,1726.8,1546.3,10.45%,,,,,,,,,,,,,,,,,
11232,3.60E+10,2423.2,1469.2,1334.1,9.20%,,,,,,,,,,,,,,,,,
11232,3.60E+10,3317.2,2072.5,1884,9.10%,,,,,,,,,,,,,,,,,
11232,3.60E+10,1287.5,963.2,886.8,7.93%,,,,,,,,,,,,,,,,,
11232,3.60E+10,3455.6,2512.2,2339.2,6.89%,,,,,,,,,,,,,,,,,
11232,3.60E+10,3110.2,2257.6,2102.6,6.87%,,,,,,,,,,,,,,,,,
10027,3.61E+10,4758.3,2116.3,1801.5,14.88%,,,,,,,,,,,,,,,,,
10027,3.61E+10,2997.1,1391.4,1220.7,12.27%,,,,,,,,,,,,,,,,,
10027,3.61E+10,6027.9,3149.6,2801.5,11.05%,,,,,,,,,,,,,,,,,
10027,3.61E+10,3634.6,2063.7,1837.2,10.98%,,,,,,,,,,,,,,,,,
10027,3.61E+10,3063.9,1221.7,1089.8,10.80%,,,,,,,,,,,,,,,,,
10027,3.61E+10,4685.3,3016.6,2711.1,10.13%,,,,,,,,,,,,,,,,,
10027,3.61E+10,5364.5,3639.1,3289.9,9.60%,,,,,,,,,,,,,,,,,
10027,3.61E+10,3201.5,781.8,711.8,8.95%,,,,,,,,,,,,,,,,,
10027,3.61E+10,4174.7,2413.3,2202.6,8.73%,,,,,,,,,,,,,,,,,
10027,3.61E+10,3786.5,2615.9,2396.4,8.39%,,,,,,,,,,,,,,,,,
10027,3.61E+10,2857.2,1621.5,1486.4,8.33%,,,,,,,,,,,,,,,,,
10027,3.61E+10,3920.8,2682.7,2475.2,7.73%,,,,,,,,,,,,,,,,,
10027,3.61E+10,484.4,289.9,267.7,7.66%,,,,,,,,,,,,,,,,,
10027,3.61E+10,4558.7,1568.5,1453,7.36%,,,,,,,,,,,,,,,,,
10027,3.61E+10,5393.1,3456.1,3202.2,7.35%,,,,,,,,,,,,,,,,,
10027,3.61E+10,3288,2159.2,2024.5,6.24%,,,,,,,,,,,,,,,,,
10027,3.61E+10,9271.9,4505.3,4225.8,6.20%,,,,,,,,,,,,,,,,,
10027,3.61E+10,1670.4,463.5,436,5.93%,,,,,,,,,,,,,,,,,
10027,3.61E+10,2874.8,1455.4,1396.7,4.03%,,,,,,,,,,,,,,,,,
10027,3.61E+10,8,5.3,5.2,1.89%,,,,,,,,,,,,,,,,,
10280,3.61E+10,8105.3,6648.8,6397,3.79%,,,,,,,,,,,,,,,,,
10280,3.61E+10,3887,3011.2,2913.1,3.26%,,,,,,,,,,,,,,,,,
11215,3.60E+10,1287.5,963.2,886.8,7.93%,,,,,,,,,,,,,,,,,
11215,3.60E+10,2393.6,1714.4,1581.4,7.76%,,,,,,,,,,,,,,,,,
11215,3.60E+10,2027.1,1500.9,1393.4,7.16%,,,,,,,,,,,,,,,,,
11215,3.60E+10,2627.7,2109.3,1961.6,7.00%,,,,,,,,,,,,,,,,,
11215,3.60E+10,3455.6,2512.2,2339.2,6.89%,,,,,,,,,,,,,,,,,
11215,3.60E+10,3110.2,2257.6,2102.6,6.87%,,,,,,,,,,,,,,,,,
11215,3.60E+10,2940,2098.7,1963.8,6.43%,,,,,,,,,,,,,,,,,
11215,3.60E+10,4873.8,3805.7,3581.1,5.90%,,,,,,,,,,,,,,,,,
11215,3.60E+10,1858.7,1424,1345.7,5.50%,,,,,,,,,,,,,,,,,
11215,3.60E+10,2387.9,1686.6,1594.3,5.47%,,,,,,,,,,,,,,,,,
11215,3.60E+10,3021.7,2354.7,2228.8,5.35%,,,,,,,,,,,,,,,,,
11215,3.60E+10,2263.8,1721.1,1631,5.24%,,,,,,,,,,,,,,,,,
11215,3.60E+10,3282.4,2283.2,2167.5,5.07%,,,,,,,,,,,,,,,,,
11215,3.60E+10,4183.5,3011.3,2861.3,4.98%,,,,,,,,,,,,,,,,,
11215,3.60E+10,3390.9,2502.2,2380.1,4.88%,,,,,,,,,,,,,,,,,
11215,3.60E+10,3608.6,2794.3,2661.8,4.74%,,,,,,,,,,,,,,,,,
11215,3.60E+10,3330.4,2370.5,2263.5,4.51%,,,,,,,,,,,,,,,,,
11215,3.60E+10,3514.5,2816.4,2696,4.27%,,,,,,,,,,,,,,,,,
11215,3.60E+10,3593.4,2755.3,2641.4,4.13%,,,,,,,,,,,,,,,,,
11215,3.60E+10,2870.8,2257.2,2164.3,4.12%,,,,,,,,,,,,,,,,,
11215,3.60E+10,4607.8,3503.6,3364.4,3.97%,,,,,,,,,,,,,,,,,
11215,3.60E+10,4335.4,3349.7,3242.3,3.21%,,,,,,,,,,,,,,,,,
11215,3.60E+10,4761.8,3837,3725.3,2.91%,,,,,,,,,,,,,,,,,
10014,3.61E+10,3832.2,2674.2,2329.6,12.89%,,,,,,,,,,,,,,,,,
10014,3.61E+10,3501.6,2667.8,2507.4,6.01%,,,,,,,,,,,,,,,,,
10014,3.61E+10,6118.9,4612.2,4340.6,5.89%,,,,,,,,,,,,,,,,,
10014,3.61E+10,3936.2,2394.3,2260.1,5.60%,,,,,,,,,,,,,,,,,
10014,3.61E+10,5704,4403.6,4173.6,5.22%,,,,,,,,,,,,,,,,,
10014,3.61E+10,5297.8,4157.1,3945.3,5.09%,,,,,,,,,,,,,,,,,
10014,3.61E+10,2272.3,1584,1512.2,4.53%,,,,,,,,,,,,,,,,,
10014,3.61E+10,6398.5,4435.9,4238.8,4.44%,,,,,,,,,,,,,,,,,
10014,3.61E+10,2289.9,1609.8,1544,4.09%,,,,,,,,,,,,,,,,,
10014,3.61E+10,5407.7,3843.7,3687.5,4.06%,,,,,,,,,,,,,,,,,
11206,3.60E+10,2525.3,1028.6,716.1,30.38%,,,,,,,,,,,,,,,,,
11206,3.60E+10,2409.3,996,725.8,27.13%,,,,,,,,,,,,,,,,,
11206,3.60E+10,2780.4,996.4,734.5,26.28%,,,,,,,,,,,,,,,,,
11206,3.60E+10,3262.8,1638.5,1291.4,21.18%,,,,,,,,,,,,,,,,,
11206,3.60E+10,4122.3,2051.9,1623.1,20.90%,,,,,,,,,,,,,,,,,
11206,3.60E+10,3513.8,1975.7,1586.3,19.71%,,,,,,,,,,,,,,,,,
11206,3.60E+10,2220.2,1663.1,1342.4,19.28%,,,,,,,,,,,,,,,,,
11206,3.60E+10,3225.3,1791.4,1450.2,19.05%,,,,,,,,,,,,,,,,,
11206,3.60E+10,1879.9,1209.7,996.7,17.61%,,,,,,,,,,,,,,,,,
11206,3.60E+10,1801.9,1163.7,958.8,17.61%,,,,,,,,,,,,,,,,,
11206,3.60E+10,2437.4,1651.3,1362.7,17.48%,,,,,,,,,,,,,,,,,
11206,3.60E+10,6524.5,3649.1,3012.5,17.45%,,,,,,,,,,,,,,,,,
11206,3.60E+10,3633,2440.7,2055.5,15.78%,,,,,,,,,,,,,,,,,
11206,3.60E+10,417.8,285.4,242.5,15.03%,,,,,,,,,,,,,,,,,
11206,3.60E+10,4051.2,2299.9,1962.1,14.69%,,,,,,,,,,,,,,,,,
11206,3.60E+10,3601.1,1940.9,1657.3,14.61%,,,,,,,,,,,,,,,,,
11206,3.60E+10,2819.2,1273,1087.7,14.56%,,,,,,,,,,,,,,,,,
11206,3.60E+10,5947.9,2675.6,2287.3,14.51%,,,,,,,,,,,,,,,,,
11206,3.60E+10,2899.3,1738.5,1495,14.01%,,,,,,,,,,,,,,,,,
11206,3.60E+10,1363.4,760.9,659.4,13.34%,,,,,,,,,,,,,,,,,
11206,3.60E+10,2595.2,1754,1535.9,12.43%,,,,,,,,,,,,,,,,,
11206,3.60E+10,2565.4,1993.4,1769.7,11.22%,,,,,,,,,,,,,,,,,
11206,3.60E+10,4228.3,2754.7,2452.1,10.98%,,,,,,,,,,,,,,,,,
11206,3.60E+10,2529.6,1816.8,1633.8,10.07%,,,,,,,,,,,,,,,,,
11206,3.60E+10,2453.8,1860,1693.5,8.95%,,,,,,,,,,,,,,,,,
11206,3.60E+10,2617.6,2081.1,1901.6,8.63%,,,,,,,,,,,,,,,,,
11206,3.60E+10,2739.5,1676.8,1557.1,7.14%,,,,,,,,,,,,,,,,,
11206,3.60E+10,1880.4,791.7,738.6,6.71%,,,,,,,,,,,,,,,,,
11206,3.60E+10,1980.9,973.6,908.4,6.70%,,,,,,,,,,,,,,,,,
11206,3.60E+10,4902.3,3684.2,3448.8,6.39%,,,,,,,,,,,,,,,,,
11206,3.60E+10,2197.6,1056,990.3,6.22%,,,,,,,,,,,,,,,,,
11206,3.60E+10,4096.6,2247.6,2116.2,5.85%,,,,,,,,,,,,,,,,,
11206,3.60E+10,3745.1,1452.5,1378.9,5.07%,,,,,,,,,,,,,,,,,
10013,3.61E+10,5984.3,2029.4,1811.7,10.73%,,,,,,,,,,,,,,,,,
10013,3.61E+10,2504.9,1480.4,1348.9,8.88%,,,,,,,,,,,,,,,,,
10013,3.61E+10,7908.3,4163.4,3869.8,7.05%,,,,,,,,,,,,,,,,,
10013,3.61E+10,836.8,531.2,504.2,5.08%,,,,,,,,,,,,,,,,,
10013,3.61E+10,2094.6,1487.8,1413.5,4.99%,,,,,,,,,,,,,,,,,
10013,3.61E+10,4106.4,2793.4,2662.9,4.67%,,,,,,,,,,,,,,,,,
10013,3.61E+10,4157.1,3248.9,3115.1,4.12%,,,,,,,,,,,,,,,,,
10013,3.61E+10,2289.9,1609.8,1544,4.09%,,,,,,,,,,,,,,,,,
10013,3.61E+10,4900.3,3349.1,3221.9,3.80%,,,,,,,,,,,,,,,,,
10013,3.61E+10,4921.5,3783.5,3678.1,2.79%,,,,,,,,,,,,,,,,,
11105,3.61E+10,3721.8,2125.4,1835.9,13.62%,,,,,,,,,,,,,,,,,
11105,3.61E+10,2596.3,1778.3,1619.1,8.95%,,,,,,,,,,,,,,,,,
11105,3.61E+10,1309.5,664.1,605.3,8.85%,,,,,,,,,,,,,,,,,
11105,3.61E+10,2796.2,1815,1660.3,8.52%,,,,,,,,,,,,,,,,,
11105,3.61E+10,2202.7,1489.8,1364.1,8.44%,,,,,,,,,,,,,,,,,
11105,3.61E+10,5288.3,2797.4,2563.6,8.36%,,,,,,,,,,,,,,,,,
11105,3.61E+10,4017.7,2804.8,2578.4,8.07%,,,,,,,,,,,,,,,,,
11105,3.61E+10,1344.2,976.1,900.1,7.79%,,,,,,,,,,,,,,,,,
11105,3.61E+10,1545,1035.3,955.3,7.73%,,,,,,,,,,,,,,,,,
11105,3.61E+10,3647.2,2405.5,2227.4,7.40%,,,,,,,,,,,,,,,,,
11105,3.61E+10,1965.8,1406.2,1303.2,7.32%,,,,,,,,,,,,,,,,,
11105,3.61E+10,3426.5,2416.7,2253.1,6.77%,,,,,,,,,,,,,,,,,
11105,3.61E+10,3178.1,2369.6,2217.7,6.41%,,,,,,,,,,,,,,,,,
11105,3.61E+10,2348.3,1731.2,1631.5,5.76%,,,,,,,,,,,,,,,,,
11211,3.60E+10,5701.3,3539.8,3016.1,14.79%,,,,,,,,,,,,,,,,,
11211,3.60E+10,4051.2,2299.9,1962.1,14.69%,,,,,,,,,,,,,,,,,
11211,3.60E+10,2469,1338.8,1147.6,14.28%,,,,,,,,,,,,,,,,,
11211,3.60E+10,2565.4,1993.4,1769.7,11.22%,,,,,,,,,,,,,,,,,
11211,3.60E+10,4733.9,3332.7,2976.9,10.68%,,,,,,,,,,,,,,,,,
11211,3.60E+10,2529.6,1816.8,1633.8,10.07%,,,,,,,,,,,,,,,,,
11211,3.60E+10,4616.3,3145.1,2834.2,9.89%,,,,,,,,,,,,,,,,,
11211,3.60E+10,2605.9,1299.8,1182.1,9.06%,,,,,,,,,,,,,,,,,
11211,3.60E+10,2453.8,1860,1693.5,8.95%,,,,,,,,,,,,,,,,,
11211,3.60E+10,2949.3,2050.4,1877.5,8.43%,,,,,,,,,,,,,,,,,
11211,3.60E+10,3203.4,2422.3,2221.2,8.30%,,,,,,,,,,,,,,,,,
11211,3.60E+10,1643.4,1359.5,1246.8,8.29%,,,,,,,,,,,,,,,,,
11211,3.60E+10,3561.7,2061.3,1904.1,7.63%,,,,,,,,,,,,,,,,,
11211,3.60E+10,2972.8,2240.5,2074.2,7.42%,,,,,,,,,,,,,,,,,
11211,3.60E+10,2047.2,893.4,829.1,7.20%,,,,,,,,,,,,,,,,,
11211,3.60E+10,4902.3,3684.2,3448.8,6.39%,,,,,,,,,,,,,,,,,
11211,3.60E+10,2197.6,1056,990.3,6.22%,,,,,,,,,,,,,,,,,
11211,3.60E+10,2768.8,2214.8,2081.9,6.00%,,,,,,,,,,,,,,,,,
11211,3.60E+10,2756.1,2185.9,2066,5.49%,,,,,,,,,,,,,,,,,
11211,3.60E+10,4926.1,4061.9,3850.4,5.21%,,,,,,,,,,,,,,,,,
11211,3.60E+10,3745.1,1452.5,1378.9,5.07%,,,,,,,,,,,,,,,,,
11211,3.60E+10,3414.3,2834.4,2712.2,4.31%,,,,,,,,,,,,,,,,,
11211,3.60E+10,2276,1934.9,1866.5,3.54%,,,,,,,,,,,,,,,,,
11211,3.60E+10,1994.3,1767.6,1705.3,3.52%,,,,,,,,,,,,,,,,,
10029,3.61E+10,4957.6,2900.2,2282.8,21.29%,,,,,,,,,,,,,,,,,
10029,3.61E+10,8750.1,4267.2,3552,16.76%,,,,,,,,,,,,,,,,,
10029,3.61E+10,3963.1,1651.3,1379.6,16.45%,,,,,,,,,,,,,,,,,
10029,3.61E+10,6824.5,3959.3,3313,16.32%,,,,,,,,,,,,,,,,,
10029,3.61E+10,6327.1,2759.7,2317.8,16.01%,,,,,,,,,,,,,,,,,
10029,3.61E+10,7064.5,3353.6,2824.9,15.77%,,,,,,,,,,,,,,,,,
10029,3.61E+10,6482.5,3148.1,2657.1,15.60%,,,,,,,,,,,,,,,,,
10029,3.61E+10,3673.2,1427.1,1210.1,15.21%,,,,,,,,,,,,,,,,,
10029,3.61E+10,7084.2,3385.7,2905.7,14.18%,,,,,,,,,,,,,,,,,
10029,3.61E+10,2178.9,1123.3,972.1,13.46%,,,,,,,,,,,,,,,,,
10029,3.61E+10,4656.9,2707.1,2350.7,13.17%,,,,,,,,,,,,,,,,,
10029,3.61E+10,6058,3687,3273.7,11.21%,,,,,,,,,,,,,,,,,
10029,3.61E+10,3347.1,2028.4,1833.2,9.62%,,,,,,,,,,,,,,,,,
10029,3.61E+10,2264.5,1363.1,1250.8,8.24%,,,,,,,,,,,,,,,,,
10029,3.61E+10,4164.3,2740.3,2535.1,7.49%,,,,,,,,,,,,,,,,,
10029,3.61E+10,3185.5,1857.8,1747,5.96%,,,,,,,,,,,,,,,,,
10282,3.61E+10,4900.3,3349.1,3221.9,3.80%,,,,,,,,,,,,,,,,,
10282,3.61E+10,3887,3011.2,2913.1,3.26%,,,,,,,,,,,,,,,,,
10009,3.61E+10,3732.7,1285.2,1065.6,17.09%,,,,,,,,,,,,,,,,,
10009,3.61E+10,3857.5,1227.5,1048.7,14.57%,,,,,,,,,,,,,,,,,
10009,3.61E+10,3387.1,1914.2,1734,9.41%,,,,,,,,,,,,,,,,,
10009,3.61E+10,6041.5,3313.2,3015.3,8.99%,,,,,,,,,,,,,,,,,
10009,3.61E+10,6436.4,4631.9,4229.9,8.68%,,,,,,,,,,,,,,,,,
10009,3.61E+10,1959.1,1375.1,1276.4,7.18%,,,,,,,,,,,,,,,,,
10009,3.61E+10,6050.5,3751.7,3500.4,6.70%,,,,,,,,,,,,,,,,,
10009,3.61E+10,3753.1,2490.6,2339.3,6.07%,,,,,,,,,,,,,,,,,
10009,3.61E+10,7733.6,5022.6,4741.1,5.60%,,,,,,,,,,,,,,,,,
10009,3.61E+10,2825,1826.1,1725.3,5.52%,,,,,,,,,,,,,,,,,
10009,3.61E+10,15727.9,10510.7,10069.3,4.20%,,,,,,,,,,,,,,,,,
10009,3.61E+10,4514.4,2921,2813,3.70%,,,,,,,,,,,,,,,,,
10026,3.61E+10,6037.8,2786.4,2372.6,14.85%,,,,,,,,,,,,,,,,,
10026,3.61E+10,5960,3604.4,3193.1,11.41%,,,,,,,,,,,,,,,,,
10026,3.61E+10,9070.9,4657.1,4159.5,10.68%,,,,,,,,,,,,,,,,,
10026,3.61E+10,5364.5,3639.1,3289.9,9.60%,,,,,,,,,,,,,,,,,
10026,3.61E+10,7316.7,4680.7,4278.8,8.59%,,,,,,,,,,,,,,,,,
10026,3.61E+10,3786.5,2615.9,2396.4,8.39%,,,,,,,,,,,,,,,,,
10026,3.61E+10,2610.1,1608.6,1474.1,8.36%,,,,,,,,,,,,,,,,,
10026,3.61E+10,3920.8,2682.7,2475.2,7.73%,,,,,,,,,,,,,,,,,
10026,3.61E+10,484.4,289.9,267.7,7.66%,,,,,,,,,,,,,,,,,
10026,3.61E+10,2960.7,1862.2,1720.2,7.63%,,,,,,,,,,,,,,,,,
10026,3.61E+10,3288,2159.2,2024.5,6.24%,,,,,,,,,,,,,,,,,
10026,3.61E+10,2.1,0.3,0.3,0.00%,,,,,,,,,,,,,,,,,
10002,3.61E+10,9217.7,2781.6,2334.5,16.07%,,,,,,,,,,,,,,,,,
10002,3.61E+10,6923.7,3016.8,2575.9,14.61%,,,,,,,,,,,,,,,,,
10002,3.61E+10,3857.5,1227.5,1048.7,14.57%,,,,,,,,,,,,,,,,,
10002,3.61E+10,8901.3,2822.1,2449.8,13.19%,,,,,,,,,,,,,,,,,
10002,3.61E+10,6363,2920.6,2538.9,13.07%,,,,,,,,,,,,,,,,,
10002,3.61E+10,3084.1,1718.7,1499.5,12.75%,,,,,,,,,,,,,,,,,
10002,3.61E+10,4766.5,1678.4,1478.8,11.89%,,,,,,,,,,,,,,,,,
10002,3.61E+10,2462.8,820,733,10.61%,,,,,,,,,,,,,,,,,
10002,3.61E+10,6986,3104.2,2810.8,9.45%,,,,,,,,,,,,,,,,,
10002,3.61E+10,3912.2,3017.6,2735.5,9.35%,,,,,,,,,,,,,,,,,
10002,3.61E+10,7180,3751.6,3420.5,8.83%,,,,,,,,,,,,,,,,,
10002,3.61E+10,3535.3,1601.5,1461.2,8.76%,,,,,,,,,,,,,,,,,
10002,3.61E+10,2817.2,1471.8,1351.1,8.20%,,,,,,,,,,,,,,,,,
10002,3.61E+10,1959.1,1375.1,1276.4,7.18%,,,,,,,,,,,,,,,,,
10002,3.61E+10,1336.5,665.4,619.9,6.84%,,,,,,,,,,,,,,,,,
10002,3.61E+10,2825,1826.1,1725.3,5.52%,,,,,,,,,,,,,,,,,
10002,3.61E+10,2743.9,1532.8,1474.6,3.80%,,,,,,,,,,,,,,,,,
10003,3.61E+10,3138.6,2116.3,1915.4,9.49%,,,,,,,,,,,,,,,,,
10003,3.61E+10,4981.4,2739.6,2481.8,9.41%,,,,,,,,,,,,,,,,,
10003,3.61E+10,6050.5,3751.7,3500.4,6.70%,,,,,,,,,,,,,,,,,
10003,3.61E+10,4711.9,2824,2643.8,6.38%,,,,,,,,,,,,,,,,,
10003,3.61E+10,3023.8,1963.4,1839.3,6.32%,,,,,,,,,,,,,,,,,
10003,3.61E+10,9014.2,6297.4,5900.7,6.30%,,,,,,,,,,,,,,,,,
10003,3.61E+10,4823.7,3616.8,3395,6.13%,,,,,,,,,,,,,,,,,
10003,3.61E+10,7763.3,5546,5222.3,5.84%,,,,,,,,,,,,,,,,,
10003,3.61E+10,1950.7,1401,1328.5,5.17%,,,,,,,,,,,,,,,,,
10003,3.61E+10,6146.7,3748.2,3563.3,4.93%,,,,,,,,,,,,,,,,,
10003,3.61E+10,6398.5,4435.9,4238.8,4.44%,,,,,,,,,,,,,,,,,
10003,3.61E+10,5237,2962.4,2841,4.10%,,,,,,,,,,,,,,,,,
10003,3.61E+10,7665.2,5713.7,5483.8,4.02%,,,,,,,,,,,,,,,,,
10003,3.61E+10,2518.2,1675.5,1611.2,3.84%,,,,,,,,,,,,,,,,,
10003,3.61E+10,4069.8,2649.4,2568.8,3.04%,,,,,,,,,,,,,,,,,
10128,3.61E+10,2264.5,1363.1,1250.8,8.24%,,,,,,,,,,,,,,,,,
10128,3.61E+10,4164.3,2740.3,2535.1,7.49%,,,,,,,,,,,,,,,,,
10128,3.61E+10,3185.5,1857.8,1747,5.96%,,,,,,,,,,,,,,,,,
10128,3.61E+10,6444,3960.9,3746.5,5.41%,,,,,,,,,,,,,,,,,
10128,3.61E+10,4762.6,3677.9,3511.2,4.53%,,,,,,,,,,,,,,,,,
10128,3.61E+10,6813,4993.3,4780,4.27%,,,,,,,,,,,,,,,,,
10128,3.61E+10,6058.2,3983.2,3823.8,4.00%,,,,,,,,,,,,,,,,,
10128,3.61E+10,12495.7,8822.2,8484.7,3.83%,,,,,,,,,,,,,,,,,
10128,3.61E+10,6232,4134.7,3977.3,3.81%,,,,,,,,,,,,,,,,,
10128,3.61E+10,3323.4,1661.3,1599.7,3.71%,,,,,,,,,,,,,,,,,
10128,3.61E+10,4542.7,2954.8,2854.3,3.40%,,,,,,,,,,,,,,,,,
10128,3.61E+10,4451.6,2000.8,1947.6,2.66%,,,,,,,,,,,,,,,,,
10011,3.61E+10,3832.2,2674.2,2329.6,12.89%,,,,,,,,,,,,,,,,,
10011,3.61E+10,8982.2,5591.2,5222,6.60%,,,,,,,,,,,,,,,,,
10011,3.61E+10,5451.2,4552.8,4255.3,6.53%,,,,,,,,,,,,,,,,,
10011,3.61E+10,6092,4876,4563.6,6.41%,,,,,,,,,,,,,,,,,
10011,3.61E+10,6118.9,4612.2,4340.6,5.89%,,,,,,,,,,,,,,,,,
10011,3.61E+10,4843.7,3633,3438.6,5.35%,,,,,,,,,,,,,,,,,
10011,3.61E+10,6146.7,3748.2,3563.3,4.93%,,,,,,,,,,,,,,,,,
10011,3.61E+10,7585,5715.8,5449.4,4.66%,,,,,,,,,,,,,,,,,
10011,3.61E+10,6398.5,4435.9,4238.8,4.44%,,,,,,,,,,,,,,,,,
10011,3.61E+10,6759.1,5371,5142.1,4.26%,,,,,,,,,,,,,,,,,
10011,3.61E+10,5237,2962.4,2841,4.10%,,,,,,,,,,,,,,,,,
10011,3.61E+10,5407.7,3843.7,3687.5,4.06%,,,,,,,,,,,,,,,,,
10011,3.61E+10,4343.1,3100.6,2984.7,3.74%,,,,,,,,,,,,,,,,,
10005,3.61E+10,7268.4,5985.4,5678.1,5.13%,,,,,,,,,,,,,,,,,
10005,3.61E+10,7946,6938.8,6690.7,3.58%,,,,,,,,,,,,,,,,,
10005,3.61E+10,1536.2,1340.2,1294,3.45%,,,,,,,,,,,,,,,,,
10025,3.61E+10,10449.4,4768.8,3983.7,16.46%,,,,,,,,,,,,,,,,,
10025,3.61E+10,9070.9,4657.1,4159.5,10.68%,,,,,,,,,,,,,,,,,
10025,3.61E+10,484.4,289.9,267.7,7.66%,,,,,,,,,,,,,,,,,
10025,3.61E+10,4558.7,1568.5,1453,7.36%,,,,,,,,,,,,,,,,,
10025,3.61E+10,8835.8,5173.5,4794.2,7.33%,,,,,,,,,,,,,,,,,
10012,3.61E+10,7908.3,4163.4,3869.8,7.05%,,,,,,,,,,,,,,,,,
10025,3.61E+10,6477,3862.8,3603.9,6.70%,,,,,,,,,,,,,,,,,
10025,3.61E+10,8189.8,5055.6,4718.8,6.66%,,,,,,,,,,,,,,,,,
10025,3.61E+10,8787.9,4909.9,4592.9,6.46%,,,,,,,,,,,,,,,,,
10025,3.61E+10,8048.3,3745.4,3511.1,6.26%,,,,,,,,,,,,,,,,,
10025,3.61E+10,7354.2,4974.2,4677.1,5.97%,,,,,,,,,,,,,,,,,
10025,3.61E+10,1670.4,463.5,436,5.93%,,,,,,,,,,,,,,,,,
10025,3.61E+10,4301.5,2645.7,2490.7,5.86%,,,,,,,,,,,,,,,,,
10012,3.61E+10,3769.4,2587.4,2441.4,5.64%,,,,,,,,,,,,,,,,,
10025,3.61E+10,8727.2,5167.1,4891.5,5.33%,,,,,,,,,,,,,,,,,
10012,3.61E+10,1950.7,1401,1328.5,5.17%,,,,,,,,,,,,,,,,,
10012,3.61E+10,836.8,531.2,504.2,5.08%,,,,,,,,,,,,,,,,,
10012,3.61E+10,2094.6,1487.8,1413.5,4.99%,,,,,,,,,,,,,,,,,
10012,3.61E+10,4106.4,2793.4,2662.9,4.67%,,,,,,,,,,,,,,,,,
10012,3.61E+10,6398.5,4435.9,4238.8,4.44%,,,,,,,,,,,,,,,,,
10025,3.61E+10,6629.4,4432.9,4239.5,4.36%,,,,,,,,,,,,,,,,,
10012,3.61E+10,4157.1,3248.9,3115.1,4.12%,,,,,,,,,,,,,,,,,
10012,3.61E+10,5237,2962.4,2841,4.10%,,,,,,,,,,,,,,,,,
10012,3.61E+10,2289.9,1609.8,1544,4.09%,,,,,,,,,,,,,,,,,
10012,3.61E+10,2518.2,1675.5,1611.2,3.84%,,,,,,,,,,,,,,,,,
10012,3.61E+10,4069.8,2649.4,2568.8,3.04%,,,,,,,,,,,,,,,,,
10028,3.61E+10,4577.1,3003,2847.9,5.16%,,,,,,,,,,,,,,,,,
10028,3.61E+10,6813,4993.3,4780,4.27%,,,,,,,,,,,,,,,,,
10028,3.61E+10,6058.2,3983.2,3823.8,4.00%,,,,,,,,,,,,,,,,,
10028,3.61E+10,2653.5,1613.6,1552,3.82%,,,,,,,,,,,,,,,,,
10028,3.61E+10,6232,4134.7,3977.3,3.81%,,,,,,,,,,,,,,,,,
10028,3.61E+10,14334.5,9628.4,9279.3,3.63%,,,,,,,,,,,,,,,,,
10028,3.61E+10,11431.8,8456.8,8152.8,3.59%,,,,,,,,,,,,,,,,,
10028,3.61E+10,6565.3,4078.7,3939.9,3.40%,,,,,,,,,,,,,,,,,
10028,3.61E+10,1812.2,923.3,892.6,3.33%,,,,,,,,,,,,,,,,,
10028,3.61E+10,4085.3,3224.9,3131.1,2.91%,,,,,,,,,,,,,,,,,
10028,3.61E+10,4044.3,1852.5,1799,2.89%,,,,,,,,,,,,,,,,,
10028,3.61E+10,4451.6,2000.8,1947.6,2.66%,,,,,,,,,,,,,,,,,
10018,3.61E+10,107,83,72.5,12.65%,,,,,,,,,,,,,,,,,
10018,3.61E+10,3780.5,3185.8,2966.7,6.88%,,,,,,,,,,,,,,,,,
10018,3.61E+10,5451.2,4552.8,4255.3,6.53%,,,,,,,,,,,,,,,,,
10018,3.61E+10,3530,2769.4,2595.3,6.29%,,,,,,,,,,,,,,,,,
10018,3.61E+10,1853.4,1466.3,1375.7,6.18%,,,,,,,,,,,,,,,,,
10018,3.61E+10,7177.5,5437,5170,4.91%,,,,,,,,,,,,,,,,,
10018,3.61E+10,4667.2,3620.2,3461.9,4.37%,,,,,,,,,,,,,,,,,
10018,3.61E+10,160.7,139.7,136.5,2.29%,,,,,,,,,,,,,,,,,
10021,3.61E+10,2850.8,2097.5,1994.9,4.89%,,,,,,,,,,,,,,,,,
10021,3.61E+10,10430.3,7488.9,7181.7,4.10%,,,,,,,,,,,,,,,,,
10021,3.61E+10,8038.3,5092.9,4888.7,4.01%,,,,,,,,,,,,,,,,,
10021,3.61E+10,4969.1,2329.4,2239.4,3.86%,,,,,,,,,,,,,,,,,
10021,3.61E+10,8322,5833.2,5629.9,3.49%,,,,,,,,,,,,,,,,,
10021,3.61E+10,3296.5,1508.1,1459.4,3.23%,,,,,,,,,,,,,,,,,
10021,3.61E+10,9499.3,7059.9,6844.6,3.05%,,,,,,,,,,,,,,,,,
10021,3.61E+10,2891.2,1291.8,1254.5,2.89%,,,,,,,,,,,,,,,,,
10021,3.61E+10,11669.4,7705.2,7489.9,2.79%,,,,,,,,,,,,,,,,,
10021,3.61E+10,2404.6,881.3,859,2.53%,,,,,,,,,,,,,,,,,
10075,3.61E+10,10430.3,7488.9,7181.7,4.10%,,,,,,,,,,,,,,,,,
10075,3.61E+10,4969.1,2329.4,2239.4,3.86%,,,,,,,,,,,,,,,,,
10075,3.61E+10,14334.5,9628.4,9279.3,3.63%,,,,,,,,,,,,,,,,,
10075,3.61E+10,11431.8,8456.8,8152.8,3.59%,,,,,,,,,,,,,,,,,
10075,3.61E+10,6565.3,4078.7,3939.9,3.40%,,,,,,,,,,,,,,,,,
10075,3.61E+10,3296.5,1508.1,1459.4,3.23%,,,,,,,,,,,,,,,,,
10075,3.61E+10,9499.3,7059.9,6844.6,3.05%,,,,,,,,,,,,,,,,,
10075,3.61E+10,4044.3,1852.5,1799,2.89%,,,,,,,,,,,,,,,,,
10010,3.61E+10,7656.7,5605.6,5180,7.59%,,,,,,,,,,,,,,,,,
10010,3.61E+10,3511.4,2570.6,2389.1,7.06%,,,,,,,,,,,,,,,,,
10010,3.61E+10,4005.5,2157.1,2017.3,6.48%,,,,,,,,,,,,,,,,,
10010,3.61E+10,6092,4876,4563.6,6.41%,,,,,,,,,,,,,,,,,
10010,3.61E+10,3023.8,1963.4,1839.3,6.32%,,,,,,,,,,,,,,,,,
10010,3.61E+10,4823.7,3616.8,3395,6.13%,,,,,,,,,,,,,,,,,
10010,3.61E+10,10014.2,6054.9,5753.3,4.98%,,,,,,,,,,,,,,,,,
10010,3.61E+10,6759.1,5371,5142.1,4.26%,,,,,,,,,,,,,,,,,
10010,3.61E+10,3297.8,2739.6,2623.2,4.25%,,,,,,,,,,,,,,,,,
10010,3.61E+10,7665.2,5713.7,5483.8,4.02%,,,,,,,,,,,,,,,,,
10010,3.61E+10,4343.1,3100.6,2984.7,3.74%,,,,,,,,,,,,,,,,,
10010,3.61E+10,4514.4,2921,2813,3.70%,,,,,,,,,,,,,,,,,
10024,3.61E+10,8189.8,5055.6,4718.8,6.66%,,,,,,,,,,,,,,,,,
10024,3.61E+10,8727.2,5167.1,4891.5,5.33%,,,,,,,,,,,,,,,,,
10024,3.61E+10,5621.5,4100.9,3908.9,4.68%,,,,,,,,,,,,,,,,,
10024,3.61E+10,5404.4,3737.1,3572.1,4.42%,,,,,,,,,,,,,,,,,
10024,3.61E+10,6024.7,3985.9,3818.2,4.21%,,,,,,,,,,,,,,,,,
10024,3.61E+10,7874.7,5286.9,5073.2,4.04%,,,,,,,,,,,,,,,,,
10024,3.61E+10,7315.3,4920.8,4731.6,3.84%,,,,,,,,,,,,,,,,,
10024,3.61E+10,5628,3676,3540.1,3.70%,,,,,,,,,,,,,,,,,
10024,3.61E+10,9207.5,5866.9,5650.5,3.69%,,,,,,,,,,,,,,,,,
10024,3.61E+10,7846.8,5083,4921.9,3.17%,,,,,,,,,,,,,,,,,
10024,3.61E+10,2.1,0.3,0.3,0.00%,,,,,,,,,,,,,,,,,
10065,3.61E+10,2850.8,2097.5,1994.9,4.89%,,,,,,,,,,,,,,,,,
10065,3.61E+10,8038.3,5092.9,4888.7,4.01%,,,,,,,,,,,,,,,,,
10065,3.61E+10,6375.1,4706.8,4529.8,3.76%,,,,,,,,,,,,,,,,,
10065,3.61E+10,1647.4,910.1,880.8,3.22%,,,,,,,,,,,,,,,,,
10065,3.61E+10,2891.2,1291.8,1254.5,2.89%,,,,,,,,,,,,,,,,,
10065,3.61E+10,1045.5,409.7,399,2.61%,,,,,,,,,,,,,,,,,
10065,3.61E+10,2404.6,881.3,859,2.53%,,,,,,,,,,,,,,,,,
10065,3.61E+10,3928.3,2952.4,2881.5,2.40%,,,,,,,,,,,,,,,,,
10016,3.61E+10,7656.7,5605.6,5180,7.59%,,,,,,,,,,,,,,,,,
10016,3.61E+10,3511.4,2570.6,2389.1,7.06%,,,,,,,,,,,,,,,,,
10016,3.61E+10,4005.5,2157.1,2017.3,6.48%,,,,,,,,,,,,,,,,,
10016,3.61E+10,8277,6273,5876.5,6.32%,,,,,,,,,,,,,,,,,
10016,3.61E+10,4804.9,3184,3013.7,5.35%,,,,,,,,,,,,,,,,,
10016,3.61E+10,3970.4,2872.1,2724.3,5.15%,,,,,,,,,,,,,,,,,
10016,3.61E+10,10014.2,6054.9,5753.3,4.98%,,,,,,,,,,,,,,,,,
10016,3.61E+10,7177.5,5437,5170,4.91%,,,,,,,,,,,,,,,,,
10016,3.61E+10,7863.8,5583.7,5331.8,4.51%,,,,,,,,,,,,,,,,,
10016,3.61E+10,6978.1,4377.4,4216.3,3.68%,,,,,,,,,,,,,,,,,
10016,3.61E+10,2786.4,2193.4,2117.4,3.46%,,,,,,,,,,,,,,,,,
10016,3.61E+10,3091.7,2280.2,2208,3.17%,,,,,,,,,,,,,,,,,
10023,3.61E+10,5463.1,3177.6,2977.4,6.30%,,,,,,,,,,,,,,,,,
10023,3.61E+10,8275.6,4590,4306.9,6.17%,,,,,,,,,,,,,,,,,
10023,3.61E+10,8676.3,6320.1,6017.8,4.78%,,,,,,,,,,,,,,,,,
10023,3.61E+10,9094.6,5449.9,5193,4.71%,,,,,,,,,,,,,,,,,
10023,3.61E+10,5621.5,4100.9,3908.9,4.68%,,,,,,,,,,,,,,,,,
10023,3.61E+10,6024.7,3985.9,3818.2,4.21%,,,,,,,,,,,,,,,,,
10023,3.61E+10,2831.2,2372.3,2276.7,4.03%,,,,,,,,,,,,,,,,,
10023,3.61E+10,4874.2,2704.7,2600.2,3.86%,,,,,,,,,,,,,,,,,
10023,3.61E+10,8795.7,5548.5,5352.4,3.53%,,,,,,,,,,,,,,,,,
10023,3.61E+10,8592,5833.5,5634.3,3.41%,,,,,,,,,,,,,,,,,
10001,3.61E+10,4969.7,2362.7,2134.5,9.66%,,,,,,,,,,,,,,,,,
10001,3.61E+10,2855.6,1602.4,1475.4,7.93%,,,,,,,,,,,,,,,,,
10001,3.61E+10,3511.4,2570.6,2389.1,7.06%,,,,,,,,,,,,,,,,,
10001,3.61E+10,8982.2,5591.2,5222,6.60%,,,,,,,,,,,,,,,,,
10001,3.61E+10,5451.2,4552.8,4255.3,6.53%,,,,,,,,,,,,,,,,,
10001,3.61E+10,1237.7,948,886.2,6.52%,,,,,,,,,,,,,,,,,
10001,3.61E+10,6092,4876,4563.6,6.41%,,,,,,,,,,,,,,,,,
10001,3.61E+10,1853.4,1466.3,1375.7,6.18%,,,,,,,,,,,,,,,,,
10001,3.61E+10,1876.8,1419.8,1344,5.34%,,,,,,,,,,,,,,,,,
10001,3.61E+10,1938,1553.9,1473.9,5.15%,,,,,,,,,,,,,,,,,
10001,3.61E+10,4667.2,3620.2,3461.9,4.37%,,,,,,,,,,,,,,,,,
10001,3.61E+10,3297.8,2739.6,2623.2,4.25%,,,,,,,,,,,,,,,,,
10001,3.61E+10,5407.7,3843.7,3687.5,4.06%,,,,,,,,,,,,,,,,,
10001,3.61E+10,160.7,139.7,136.5,2.29%,,,,,,,,,,,,,,,,,
10019,3.61E+10,5690.6,4165.6,3860.6,7.32%,,,,,,,,,,,,,,,,,
10019,3.61E+10,8042.9,4885.8,4548.6,6.90%,,,,,,,,,,,,,,,,,
10019,3.61E+10,5463.1,3177.6,2977.4,6.30%,,,,,,,,,,,,,,,,,
10019,3.61E+10,10365,7550.2,7080.2,6.23%,,,,,,,,,,,,,,,,,
10019,3.61E+10,8275.6,4590,4306.9,6.17%,,,,,,,,,,,,,,,,,
10019,3.61E+10,6865.7,5553.6,5220.2,6.00%,,,,,,,,,,,,,,,,,
10019,3.61E+10,6597.8,5284.7,4998.5,5.42%,,,,,,,,,,,,,,,,,
10019,3.61E+10,5985.2,4012.4,3798.4,5.33%,,,,,,,,,,,,,,,,,
10019,3.61E+10,919.3,521.6,493.8,5.33%,,,,,,,,,,,,,,,,,
10019,3.61E+10,2676.1,1957.4,1858.9,5.03%,,,,,,,,,,,,,,,,,
10019,3.61E+10,795.4,450.7,429.8,4.64%,,,,,,,,,,,,,,,,,
10019,3.61E+10,2325.2,1837.5,1756.3,4.42%,,,,,,,,,,,,,,,,,
10019,3.61E+10,2831.2,2372.3,2276.7,4.03%,,,,,,,,,,,,,,,,,
10019,3.61E+10,2.1,0.3,0.3,0.00%,,,,,,,,,,,,,,,,,
10017,3.61E+10,4804.9,3184,3013.7,5.35%,,,,,,,,,,,,,,,,,
10017,3.61E+10,4063.5,2115.1,2016,4.69%,,,,,,,,,,,,,,,,,
10017,3.61E+10,1601.1,1255.7,1207.9,3.81%,,,,,,,,,,,,,,,,,
10017,3.61E+10,6978.1,4377.4,4216.3,3.68%,,,,,,,,,,,,,,,,,
10017,3.61E+10,6975.6,4766.1,4597.1,3.55%,,,,,,,,,,,,,,,,,
10017,3.61E+10,2786.4,2193.4,2117.4,3.46%,,,,,,,,,,,,,,,,,
10017,3.61E+10,3091.7,2280.2,2208,3.17%,,,,,,,,,,,,,,,,,
10017,3.61E+10,7336.2,5278.6,5123,2.95%,,,,,,,,,,,,,,,,,
10017,3.61E+10,89.4,63,61.4,2.54%,,,,,,,,,,,,,,,,,
10017,3.61E+10,52.3,41.9,40.9,2.39%,,,,,,,,,,,,,,,,,
10017,3.61E+10,1721.5,1332.9,1303.7,2.19%,,,,,,,,,,,,,,,,,
10022,3.61E+10,4063.5,2115.1,2016,4.69%,,,,,,,,,,,,,,,,,
10022,3.61E+10,1081.2,797.1,762.9,4.29%,,,,,,,,,,,,,,,,,
10022,3.61E+10,6375.1,4706.8,4529.8,3.76%,,,,,,,,,,,,,,,,,
10022,3.61E+10,6975.6,4766.1,4597.1,3.55%,,,,,,,,,,,,,,,,,
10022,3.61E+10,7166.2,3086.5,2978.4,3.50%,,,,,,,,,,,,,,,,,
10022,3.61E+10,1647.4,910.1,880.8,3.22%,,,,,,,,,,,,,,,,,
10022,3.61E+10,8576.1,5990,5814,2.94%,,,,,,,,,,,,,,,,,
10022,3.61E+10,1045.5,409.7,399,2.61%,,,,,,,,,,,,,,,,,
10022,3.61E+10,89.4,63,61.4,2.54%,,,,,,,,,,,,,,,,,
10022,3.61E+10,3928.3,2952.4,2881.5,2.40%,,,,,,,,,,,,,,,,,
10022,3.61E+10,370.5,155.6,152,2.31%,,,,,,,,,,,,,,,,,
10022,3.61E+10,1721.5,1332.9,1303.7,2.19%,,,,,,,,,,,,,,,,,
10036,3.61E+10,107,83,72.5,12.65%,,,,,,,,,,,,,,,,,
10036,3.61E+10,1100.3,366.7,324.9,11.40%,,,,,,,,,,,,,,,,,
10036,3.61E+10,7622.7,5311.3,4896,7.82%,,,,,,,,,,,,,,,,,
10036,3.61E+10,3780.5,3185.8,2966.7,6.88%,,,,,,,,,,,,,,,,,
10036,3.61E+10,3530,2769.4,2595.3,6.29%,,,,,,,,,,,,,,,,,
10036,3.61E+10,6865.7,5553.6,5220.2,6.00%,,,,,,,,,,,,,,,,,
10036,3.61E+10,6597.8,5284.7,4998.5,5.42%,,,,,,,,,,,,,,,,,
10036,3.61E+10,2325.2,1837.5,1756.3,4.42%,,,,,,,,,,,,,,,,,
10036,3.61E+10,144.3,125.3,121.3,3.19%,,,,,,,,,,,,,,,,,
10006,3.61E+10,4176.4,3746.7,3605.2,3.78%,,,,,,,,,,,,,,,,,
10069,3.61E+10,8275.6,4590,4306.9,6.17%,,,,,,,,,,,,,,,,,
10069,3.61E+10,9094.6,5449.9,5193,4.71%,,,,,,,,,,,,,,,,,
10069,3.61E+10,8592,5833.5,5634.3,3.41%,,,,,,,,,,,,,,,,,